county_fips,countyname,state,total_cases
1001,Autauga County,AL,68
1003,Baldwin County,AL,216
1005,Barbour County,AL,58
1007,Bibb County,AL,45
1009,Blount County,AL,44
1011,Bullock County,AL,22
1013,Butler County,AL,178
1015,Calhoun County,AL,124
1017,Chambers County,AL,314
1019,Cherokee County,AL,22
1021,Chilton County,AL,64
1023,Choctaw County,AL,61
1025,Clarke County,AL,52
1027,Clay County,AL,26
1029,Cleburne County,AL,13
1031,Coffee County,AL,146
1033,Colbert County,AL,64
1035,Conecuh County,AL,13
1037,Coosa County,AL,31
1039,Covington County,AL,50
1041,Crenshaw County,AL,38
1043,Cullman County,AL,63
1045,Dale County,AL,43
1047,Dallas County,AL,102
1049,DeKalb County,AL,142
1051,Elmore County,AL,135
1053,Escambia County,AL,36
1055,Etowah County,AL,170
1057,Fayette County,AL,7
1059,Franklin County,AL,216
1061,Geneva County,AL,13
1063,Greene County,AL,70
1065,Hale County,AL,66
1067,Henry County,AL,28
1069,Houston County,AL,104
1071,Jackson County,AL,59
1073,Jefferson County,AL,1109
1075,Lamar County,AL,13
1077,Lauderdale County,AL,88
1079,Lawrence County,AL,22
1081,Lee County,AL,422
1083,Limestone County,AL,57
1085,Lowndes County,AL,96
1087,Macon County,AL,47
1089,Madison County,AL,247
1091,Marengo County,AL,77
1093,Marion County,AL,96
1095,Marshall County,AL,543
1097,Mobile County,AL,1452
1099,Monroe County,AL,15
1101,Montgomery County,AL,576
1103,Morgan County,AL,92
1105,Perry County,AL,19
1107,Pickens County,AL,65
1109,Pike County,AL,89
1111,Randolph County,AL,102
1113,Russell County,AL,77
1115,St. Clair County,AL,81
1117,Shelby County,AL,362
1119,Sumter County,AL,98
1121,Talladega County,AL,73
1123,Tallapoosa County,AL,316
1125,Tuscaloosa County,AL,274
1127,Walker County,AL,106
1129,Washington County,AL,51
1131,Wilcox County,AL,80
1133,Winston County,AL,20
2013,Aleutians East Borough,AK,0
2016,Aleutians West Census Area,AK,0
2020,Municipality of Anchorage,AK,194
2050,Bethel Census Area,AK,1
2060,Bristol Bay Borough,AK,0
2068,Denali Borough,AK,0
2070,Dillingham Census Area,AK,0
2090,Fairbanks North Star Borough,AK,83
2100,Haines Borough,AK,0
2105,Hoonah-Angoon Census Area,AK,0
2110,City and Borough of Juneau,AK,27
2122,Kenai Peninsula Borough,AK,24
2130,Ketchikan Gateway Borough,AK,16
2150,Kodiak Island Borough,AK,1
2158,Kusilvak Census Area,AK,0
2164,Lake and Peninsula Borough,AK,0
2170,Matanuska-Susitna Borough,AK,21
2180,Nome Census Area,AK,1
2185,North Slope Borough,AK,0
2188,Northwest Arctic Borough,AK,0
2195,Petersburg Census Area,AK,4
2198,Prince of Wales-Hyder Census Area,AK,2
2220,Sitka City and Borough,AK,1
2230,Skagway Municipality,AK,0
2240,Southeast Fairbanks Census Area,AK,2
2261,Valdez-Cordova Census Area,AK,0
2270,Wade Hampton Census Area,AK,0
2275,Wrangell City and Borough,AK,0
2282,Yakutat City and Borough,AK,0
2290,Yukon-Koyukuk Census Area,AK,1
4001,Apache County,AZ,710
4003,Cochise County,AZ,41
4005,Coconino County,AZ,679
4007,Gila County,AZ,19
4009,Graham County,AZ,19
4011,Greenlee County,AZ,2
4012,La Paz County,AZ,22
4013,Maricopa County,AZ,5779
4015,Mohave County,AZ,178
4017,Navajo County,AZ,981
4019,Pima County,AZ,1554
4021,Pinal County,AZ,585
4023,Santa Cruz County,AZ,40
4025,Yavapai County,AZ,175
4027,Yuma County,AZ,176
5001,Arkansas County,AR,2
5003,Ashley County,AR,17
5005,Baxter County,AR,5
5007,Benton County,AR,116
5009,Boone County,AR,4
5011,Bradley County,AR,11
5013,Calhoun County,AR,0
5015,Carroll County,AR,5
5017,Chicot County,AR,10
5019,Clark County,AR,32
5021,Clay County,AR,3
5023,Cleburne County,AR,72
5025,Cleveland County,AR,13
5027,Columbia County,AR,15
5029,Conway County,AR,13
5031,Craighead County,AR,92
5033,Crawford County,AR,5
5035,Crittenden County,AR,205
5037,Cross County,AR,27
5039,Dallas County,AR,1
5041,Desha County,AR,16
5043,Drew County,AR,19
5045,Faulkner County,AR,81
5047,Franklin County,AR,2
5049,Fulton County,AR,3
5051,Garland County,AR,118
5053,Grant County,AR,15
5055,Greene County,AR,22
5057,Hempstead County,AR,7
5059,Hot Spring County,AR,22
5061,Howard County,AR,14
5063,Independence County,AR,12
5065,Izard County,AR,11
5067,Jackson County,AR,1
5069,Jefferson County,AR,226
5071,Johnson County,AR,34
5073,Lafayette County,AR,9
5075,Lawrence County,AR,69
5077,Lee County,AR,4
5079,Lincoln County,AR,907
5081,Little River County,AR,0
5083,Logan County,AR,3
5085,Lonoke County,AR,43
5087,Madison County,AR,1
5089,Marion County,AR,1
5091,Miller County,AR,36
5093,Mississippi County,AR,47
5095,Monroe County,AR,4
5097,Montgomery County,AR,1
5099,Nevada County,AR,3
5101,Newton County,AR,3
5103,Ouachita County,AR,8
5105,Perry County,AR,7
5107,Phillips County,AR,4
5109,Pike County,AR,3
5111,Poinsett County,AR,25
5113,Polk County,AR,7
5115,Pope County,AR,47
5117,Prairie County,AR,2
5119,Pulaski County,AR,603
5121,Randolph County,AR,21
5123,St. Francis County,AR,108
5125,Saline County,AR,72
5127,Scott County,AR,1
5129,Searcy County,AR,6
5131,Sebastian County,AR,14
5133,Sevier County,AR,16
5135,Sharp County,AR,8
5137,Stone County,AR,8
5139,Union County,AR,73
5141,Van Buren County,AR,28
5143,Washington County,AR,105
5145,White County,AR,35
5147,Woodruff County,AR,1
5149,Yell County,AR,7
6000,Grand Princess Cruise Ship,CA,21
6001,Alameda County,CA,2023
6003,Alpine County,CA,2
6005,Amador County,CA,8
6007,Butte County,CA,18
6009,Calaveras County,CA,13
6011,Colusa County,CA,3
6013,Contra Costa County,CA,1036
6015,Del Norte County,CA,3
6017,El Dorado County,CA,54
6019,Fresno County,CA,885
6021,Glenn County,CA,6
6023,Humboldt County,CA,57
6025,Imperial County,CA,512
6027,Inyo County,CA,19
6029,Kern County,CA,1228
6031,Kings County,CA,275
6033,Lake County,CA,8
6035,Lassen County,CA,0
6037,Los Angeles County,CA,31197
6039,Madera County,CA,67
6041,Marin County,CA,257
6043,Mariposa County,CA,15
6045,Mendocino County,CA,12
6047,Merced County,CA,163
6049,Modoc County,CA,0
6051,Mono County,CA,29
6053,Monterey County,CA,277
6055,Napa County,CA,79
6057,Nevada County,CA,41
6059,Orange County,CA,3380
6061,Placer County,CA,168
6063,Plumas County,CA,4
6065,Riverside County,CA,4992
6067,Sacramento County,CA,1165
6069,San Benito County,CA,55
6071,San Bernardino County,CA,2902
6073,San Diego County,CA,4776
6075,San Francisco County,CA,1891
6077,San Joaquin County,CA,605
6079,San Luis Obispo County,CA,214
6081,San Mateo County,CA,1425
6083,Santa Barbara County,CA,1250
6085,Santa Clara County,CA,2307
6087,Santa Cruz County,CA,141
6089,Shasta County,CA,31
6091,Sierra County,CA,0
6093,Siskiyou County,CA,5
6095,Solano County,CA,351
6097,Sonoma County,CA,300
6099,Stanislaus County,CA,496
6101,Sutter County,CA,33
6103,Tehama County,CA,1
6105,Trinity County,CA,0
6107,Tulare County,CA,1079
6109,Tuolumne County,CA,2
6111,Ventura County,CA,666
6113,Yolo County,CA,172
6115,Yuba County,CA,20
8001,Adams County,CO,2205
8003,Alamosa County,CO,25
8005,Arapahoe County,CO,3228
8007,Archuleta County,CO,8
8009,Baca County,CO,12
8011,Bent County,CO,0
8013,Boulder County,CO,757
8014,Broomfield County and City,CO,195
8015,Chaffee County,CO,68
8017,Cheyenne County,CO,4
8019,Clear Creek County,CO,14
8021,Conejos County,CO,1
8023,Costilla County,CO,3
8025,Crowley County,CO,39
8027,Custer County,CO,2
8029,Delta County,CO,54
8031,Denver County,CO,4001
8033,Dolores County,CO,0
8035,Douglas County,CO,591
8037,Eagle County,CO,558
8039,Elbert County,CO,39
8041,El Paso County,CO,1109
8043,Fremont County,CO,23
8045,Garfield County,CO,103
8047,Gilpin County,CO,1
8049,Grand County,CO,5
8051,Gunnison County,CO,173
8053,Hinsdale County,CO,3
8055,Huerfano County,CO,3
8057,Jackson County,CO,0
8059,Jefferson County,CO,1627
8061,Kiowa County,CO,0
8063,Kit Carson County,CO,25
8065,Lake County,CO,23
8067,La Plata County,CO,65
8069,Larimer County,CO,444
8071,Las Animas County,CO,4
8073,Lincoln County,CO,3
8075,Logan County,CO,389
8077,Mesa County,CO,50
8079,Mineral County,CO,2
8081,Moffat County,CO,6
8083,Montezuma County,CO,23
8085,Montrose County,CO,122
8087,Morgan County,CO,485
8089,Otero County,CO,10
8091,Ouray County,CO,6
8093,Park County,CO,15
8095,Phillips County,CO,8
8097,Pitkin County,CO,54
8099,Prowers County,CO,8
8101,Pueblo County,CO,176
8103,Rio Blanco County,CO,1
8105,Rio Grande County,CO,7
8107,Routt County,CO,58
8109,Saguache County,CO,5
8111,San Juan County,CO,1
8113,San Miguel County,CO,20
8115,Sedgwick County,CO,0
8117,Summit County,CO,162
8119,Teller County,CO,30
8121,Washington County,CO,9
8123,Weld County,CO,2120
8125,Yuma County,CO,10
9001,Fairfield County,CT,13030
9003,Hartford County,CT,7105
9005,Litchfield County,CT,1142
9007,Middlesex County,CT,789
9009,New Haven County,CT,9091
9011,New London County,CT,775
9013,Tolland County,CT,540
9015,Windham County,CT,266
10001,Kent County,DE,985
10003,New Castle County,DE,2275
10005,Sussex County,DE,2990
11001,Washington,DC,6102
12001,Alachua County,FL,308
12003,Baker County,FL,24
12005,Bay County,FL,76
12007,Bradford County,FL,48
12009,Brevard County,FL,328
12011,Broward County,FL,5780
12013,Calhoun County,FL,27
12015,Charlotte County,FL,317
12017,Citrus County,FL,104
12019,Clay County,FL,299
12021,Collier County,FL,734
12023,Columbia County,FL,102
12027,DeSoto County,FL,47
12029,Dixie County,FL,13
12031,Duval County,FL,1134
12033,Escambia County,FL,634
12035,Flagler County,FL,147
12037,Franklin County,FL,2
12039,Gadsden County,FL,128
12041,Gilchrist County,FL,6
12043,Glades County,FL,7
12045,Gulf County,FL,1
12047,Hamilton County,FL,8
12049,Hardee County,FL,36
12051,Hendry County,FL,136
12053,Hernando County,FL,98
12055,Highlands County,FL,96
12057,Hillsborough County,FL,1400
12059,Holmes County,FL,10
12061,Indian River County,FL,100
12063,Jackson County,FL,72
12065,Jefferson County,FL,28
12067,Lafayette County,FL,3
12069,Lake County,FL,240
12071,Lee County,FL,1249
12073,Leon County,FL,252
12075,Levy County,FL,20
12077,Liberty County,FL,196
12079,Madison County,FL,61
12081,Manatee County,FL,756
12083,Marion County,FL,208
12085,Martin County,FL,245
12086,Miami-Dade County,FL,13841
12087,Monroe County,FL,88
12089,Nassau County,FL,60
12091,Okaloosa County,FL,168
12093,Okeechobee County,FL,23
12095,Orange County,FL,1505
12097,Osceola County,FL,564
12099,Palm Beach County,FL,3798
12101,Pasco County,FL,293
12103,Pinellas County,FL,848
12105,Polk County,FL,623
12107,Putnam County,FL,125
12109,St. Johns County,FL,222
12111,St. Lucie County,FL,280
12113,Santa Rosa County,FL,172
12115,Sarasota County,FL,418
12117,Seminole County,FL,411
12119,Sumter County,FL,240
12121,Suwannee County,FL,145
12123,Taylor County,FL,3
12125,Union County,FL,6
12127,Volusia County,FL,540
12129,Wakulla County,FL,29
12131,Walton County,FL,55
12133,Washington County,FL,12
13001,Appling County,GA,92
13003,Atkinson County,GA,20
13005,Bacon County,GA,41
13007,Baker County,GA,31
13009,Baldwin County,GA,270
13011,Banks County,GA,36
13013,Barrow County,GA,193
13015,Bartow County,GA,361
13017,Ben Hill County,GA,39
13019,Berrien County,GA,19
13021,Bibb County,GA,365
13023,Bleckley County,GA,28
13025,Brantley County,GA,24
13027,Brooks County,GA,63
13029,Bryan County,GA,59
13031,Bulloch County,GA,42
13033,Burke County,GA,103
13035,Butts County,GA,172
13037,Calhoun County,GA,116
13039,Camden County,GA,36
13043,Candler County,GA,8
13045,Carroll County,GA,393
13047,Catoosa County,GA,53
13049,Charlton County,GA,17
13051,Chatham County,GA,299
13053,Chattahoochee County,GA,12
13055,Chattooga County,GA,15
13057,Cherokee County,GA,593
13059,Clarke County,GA,182
13061,Clay County,GA,26
13063,Clayton County,GA,901
13065,Clinch County,GA,17
13067,Cobb County,GA,2127
13069,Coffee County,GA,175
13071,Colquitt County,GA,207
13073,Columbia County,GA,179
13075,Cook County,GA,31
13077,Coweta County,GA,265
13079,Crawford County,GA,18
13081,Crisp County,GA,182
13083,Dade County,GA,16
13085,Dawson County,GA,75
13087,Decatur County,GA,109
13089,DeKalb County,GA,2484
13091,Dodge County,GA,32
13093,Dooly County,GA,141
13095,Dougherty County,GA,1587
13097,Douglas County,GA,400
13099,Early County,GA,226
13101,Echols County,GA,6
13103,Effingham County,GA,37
13105,Elbert County,GA,38
13107,Emanuel County,GA,23
13109,Evans County,GA,4
13111,Fannin County,GA,34
13113,Fayette County,GA,195
13115,Floyd County,GA,157
13117,Forsyth County,GA,366
13119,Franklin County,GA,26
13121,Fulton County,GA,3385
13123,Gilmer County,GA,95
13125,Glascock County,GA,1
13127,Glynn County,GA,72
13129,Gordon County,GA,121
13131,Grady County,GA,83
13133,Greene County,GA,56
13135,Gwinnett County,GA,2403
13137,Habersham County,GA,385
13139,Hall County,GA,2002
13141,Hancock County,GA,127
13143,Haralson County,GA,32
13145,Harris County,GA,65
13147,Hart County,GA,16
13149,Heard County,GA,14
13151,Henry County,GA,591
13153,Houston County,GA,283
13155,Irwin County,GA,21
13157,Jackson County,GA,123
13159,Jasper County,GA,25
13161,Jeff Davis County,GA,24
13163,Jefferson County,GA,17
13165,Jenkins County,GA,16
13167,Johnson County,GA,66
13169,Jones County,GA,30
13171,Lamar County,GA,39
13173,Lanier County,GA,10
13175,Laurens County,GA,80
13177,Lee County,GA,338
13179,Liberty County,GA,43
13181,Lincoln County,GA,12
13183,Long County,GA,5
13185,Lowndes County,GA,184
13187,Lumpkin County,GA,76
13189,McDuffie County,GA,50
13191,McIntosh County,GA,7
13193,Macon County,GA,81
13195,Madison County,GA,29
13197,Marion County,GA,38
13199,Meriwether County,GA,65
13201,Miller County,GA,32
13205,Mitchell County,GA,350
13207,Monroe County,GA,34
13209,Montgomery County,GA,4
13211,Morgan County,GA,32
13213,Murray County,GA,46
13215,Muscogee County,GA,364
13217,Newton County,GA,252
13219,Oconee County,GA,66
13221,Oglethorpe County,GA,55
13223,Paulding County,GA,222
13225,Peach County,GA,62
13227,Pickens County,GA,33
13229,Pierce County,GA,65
13231,Pike County,GA,41
13233,Polk County,GA,65
13235,Pulaski County,GA,34
13237,Putnam County,GA,55
13239,Quitman County,GA,6
13241,Rabun County,GA,14
13243,Randolph County,GA,168
13245,Richmond County,GA,444
13247,Rockdale County,GA,230
13249,Schley County,GA,15
13251,Screven County,GA,17
13253,Seminole County,GA,34
13255,Spalding County,GA,232
13257,Stephens County,GA,91
13259,Stewart County,GA,31
13261,Sumter County,GA,399
13263,Talbot County,GA,27
13265,Taliaferro County,GA,1
13267,Tattnall County,GA,9
13269,Taylor County,GA,18
13271,Telfair County,GA,28
13273,Terrell County,GA,197
13275,Thomas County,GA,242
13277,Tift County,GA,152
13279,Toombs County,GA,40
13281,Towns County,GA,20
13283,Treutlen County,GA,5
13285,Troup County,GA,185
13287,Turner County,GA,78
13289,Twiggs County,GA,8
13291,Union County,GA,34
13293,Upson County,GA,248
13295,Walker County,GA,64
13297,Walton County,GA,151
13299,Ware County,GA,155
13301,Warren County,GA,14
13303,Washington County,GA,53
13305,Wayne County,GA,13
13307,Webster County,GA,10
13309,Wheeler County,GA,5
13311,White County,GA,87
13313,Whitfield County,GA,149
13315,Wilcox County,GA,95
13317,Wilkes County,GA,27
13319,Wilkinson County,GA,39
13321,Worth County,GA,182
15001,Hawaii County,HI,75
15003,Honolulu County,HI,407
15005,Kalawao County,HI,0
15007,Kauai County,HI,20
15009,Maui County,HI,117
16001,Ada County,ID,733
16003,Adams County,ID,3
16005,Bannock County,ID,12
16007,Bear Lake County,ID,0
16009,Benewah County,ID,0
16011,Bingham County,ID,4
16013,Blaine County,ID,503
16015,Boise County,ID,0
16017,Bonner County,ID,4
16019,Bonneville County,ID,30
16021,Boundary County,ID,0
16023,Butte County,ID,0
16025,Camas County,ID,1
16027,Canyon County,ID,272
16029,Caribou County,ID,1
16031,Cassia County,ID,15
16033,Clark County,ID,0
16035,Clearwater County,ID,0
16037,Custer County,ID,2
16039,Elmore County,ID,31
16041,Franklin County,ID,0
16043,Fremont County,ID,3
16045,Gem County,ID,16
16047,Gooding County,ID,17
16049,Idaho County,ID,3
16051,Jefferson County,ID,5
16053,Jerome County,ID,71
16055,Kootenai County,ID,63
16057,Latah County,ID,5
16059,Lemhi County,ID,1
16061,Lewis County,ID,0
16063,Lincoln County,ID,29
16065,Madison County,ID,17
16067,Minidoka County,ID,11
16069,Nez Perce County,ID,78
16071,Oneida County,ID,0
16073,Owyhee County,ID,8
16075,Payette County,ID,17
16077,Power County,ID,2
16079,Shoshone County,ID,0
16081,Teton County,ID,11
16083,Twin Falls County,ID,259
16085,Valley County,ID,2
16087,Washington County,ID,1
17001,Adams County,IL,41
17003,Alexander County,IL,6
17005,Bond County,IL,8
17007,Boone County,IL,185
17009,Brown County,IL,8
17011,Bureau County,IL,12
17013,Calhoun County,IL,1
17015,Carroll County,IL,10
17017,Cass County,IL,56
17019,Champaign County,IL,256
17021,Christian County,IL,29
17023,Clark County,IL,7
17025,Clay County,IL,2
17027,Clinton County,IL,126
17029,Coles County,IL,23
17031,Cook County,IL,51674
17033,Crawford County,IL,10
17035,Cumberland County,IL,4
17037,DeKalb County,IL,170
17039,De Witt County,IL,3
17041,Douglas County,IL,20
17043,DuPage County,IL,4493
17045,Edgar County,IL,0
17047,Edwards County,IL,0
17049,Effingham County,IL,6
17051,Fayette County,IL,17
17053,Ford County,IL,13
17055,Franklin County,IL,10
17057,Fulton County,IL,3
17059,Gallatin County,IL,2
17061,Greene County,IL,4
17063,Grundy County,IL,58
17065,Hamilton County,IL,2
17067,Hancock County,IL,11
17069,Hardin County,IL,1
17071,Henderson County,IL,6
17073,Henry County,IL,58
17075,Iroquois County,IL,89
17077,Jackson County,IL,162
17079,Jasper County,IL,45
17081,Jefferson County,IL,94
17083,Jersey County,IL,16
17085,Jo Daviess County,IL,18
17087,Johnson County,IL,4
17089,Kane County,IL,2818
17091,Kankakee County,IL,479
17093,Kendall County,IL,388
17095,Knox County,IL,71
17097,Lake County,IL,5199
17099,LaSalle County,IL,102
17101,Lawrence County,IL,3
17103,Lee County,IL,63
17105,Livingston County,IL,24
17107,Logan County,IL,9
17109,McDonough County,IL,49
17111,McHenry County,IL,936
17113,McLean County,IL,115
17115,Macon County,IL,140
17117,Macoupin County,IL,38
17119,Madison County,IL,414
17121,Marion County,IL,43
17123,Marshall County,IL,4
17125,Mason County,IL,15
17127,Massac County,IL,6
17129,Menard County,IL,17
17131,Mercer County,IL,11
17133,Monroe County,IL,79
17135,Montgomery County,IL,34
17137,Morgan County,IL,30
17139,Moultrie County,IL,6
17141,Ogle County,IL,148
17143,Peoria County,IL,136
17145,Perry County,IL,36
17147,Piatt County,IL,7
17149,Pike County,IL,1
17151,Pope County,IL,1
17153,Pulaski County,IL,27
17155,Putnam County,IL,0
17157,Randolph County,IL,217
17159,Richland County,IL,3
17161,Rock Island County,IL,507
17163,St. Clair County,IL,689
17165,Saline County,IL,5
17167,Sangamon County,IL,256
17169,Schuyler County,IL,7
17171,Scott County,IL,0
17173,Shelby County,IL,10
17175,Stark County,IL,1
17177,Stephenson County,IL,88
17179,Tazewell County,IL,58
17181,Union County,IL,62
17183,Vermilion County,IL,25
17185,Wabash County,IL,1
17187,Warren County,IL,97
17189,Washington County,IL,15
17191,Wayne County,IL,3
17193,White County,IL,2
17195,Whiteside County,IL,102
17197,Will County,IL,3636
17199,Williamson County,IL,44
17201,Winnebago County,IL,877
17203,Woodford County,IL,14
18001,Adams County,IN,8
18003,Allen County,IN,800
18005,Bartholomew County,IN,342
18007,Benton County,IN,12
18009,Blackford County,IN,13
18011,Boone County,IN,219
18013,Brown County,IN,25
18015,Carroll County,IN,71
18017,Cass County,IN,1507
18019,Clark County,IN,374
18021,Clay County,IN,24
18023,Clinton County,IN,85
18025,Crawford County,IN,20
18027,Daviess County,IN,54
18029,Dearborn County,IN,148
18031,Decatur County,IN,212
18033,DeKalb County,IN,23
18035,Delaware County,IN,219
18037,Dubois County,IN,42
18039,Elkhart County,IN,436
18041,Fayette County,IN,36
18043,Floyd County,IN,230
18045,Fountain County,IN,15
18047,Franklin County,IN,104
18049,Fulton County,IN,36
18051,Gibson County,IN,7
18053,Grant County,IN,153
18055,Greene County,IN,147
18057,Hamilton County,IN,920
18059,Hancock County,IN,264
18061,Harrison County,IN,156
18063,Hendricks County,IN,951
18065,Henry County,IN,72
18067,Howard County,IN,242
18069,Huntington County,IN,13
18071,Jackson County,IN,274
18073,Jasper County,IN,37
18075,Jay County,IN,21
18077,Jefferson County,IN,34
18079,Jennings County,IN,95
18081,Johnson County,IN,790
18083,Knox County,IN,20
18085,Kosciusko County,IN,39
18087,LaGrange County,IN,37
18089,Lake County,IN,2392
18091,LaPorte County,IN,321
18093,Lawrence County,IN,116
18095,Madison County,IN,497
18097,Marion County,IN,7245
18099,Marshall County,IN,32
18101,Martin County,IN,7
18103,Miami County,IN,123
18105,Monroe County,IN,142
18107,Montgomery County,IN,125
18109,Morgan County,IN,194
18111,Newton County,IN,64
18113,Noble County,IN,128
18115,Ohio County,IN,9
18117,Orange County,IN,113
18119,Owen County,IN,27
18121,Parke County,IN,16
18123,Perry County,IN,16
18125,Pike County,IN,2
18127,Porter County,IN,308
18129,Posey County,IN,15
18131,Pulaski County,IN,34
18133,Putnam County,IN,84
18135,Randolph County,IN,21
18137,Ripley County,IN,98
18139,Rush County,IN,37
18141,St. Joseph County,IN,785
18143,Scott County,IN,79
18145,Shelby County,IN,255
18147,Spencer County,IN,7
18149,Starke County,IN,21
18151,Steuben County,IN,62
18153,Sullivan County,IN,20
18155,Switzerland County,IN,14
18157,Tippecanoe County,IN,225
18159,Tipton County,IN,21
18161,Union County,IN,8
18163,Vanderburgh County,IN,182
18165,Vermillion County,IN,7
18167,Vigo County,IN,77
18169,Wabash County,IN,64
18171,Warren County,IN,12
18173,Warrick County,IN,121
18175,Washington County,IN,48
18177,Wayne County,IN,52
18179,Wells County,IN,10
18181,White County,IN,145
18183,Whitley County,IN,22
19001,Adair County,IA,3
19003,Adams County,IA,0
19005,Allamakee County,IA,101
19007,Appanoose County,IA,6
19009,Audubon County,IA,9
19011,Benton County,IA,34
19013,Black Hawk County,IA,1477
19015,Boone County,IA,34
19017,Bremer County,IA,58
19019,Buchanan County,IA,23
19021,Buena Vista County,IA,30
19023,Butler County,IA,12
19025,Calhoun County,IA,1
19027,Carroll County,IA,6
19029,Cass County,IA,1
19031,Cedar County,IA,40
19033,Cerro Gordo County,IA,14
19035,Cherokee County,IA,4
19037,Chickasaw County,IA,6
19039,Clarke County,IA,5
19041,Clay County,IA,9
19043,Clayton County,IA,22
19045,Clinton County,IA,55
19047,Crawford County,IA,175
19049,Dallas County,IA,660
19051,Davis County,IA,9
19053,Decatur County,IA,0
19055,Delaware County,IA,7
19057,Des Moines County,IA,37
19059,Dickinson County,IA,6
19061,Dubuque County,IA,188
19063,Emmet County,IA,0
19065,Fayette County,IA,24
19067,Floyd County,IA,3
19069,Franklin County,IA,6
19071,Fremont County,IA,1
19073,Greene County,IA,13
19075,Grundy County,IA,15
19077,Guthrie County,IA,33
19079,Hamilton County,IA,9
19081,Hancock County,IA,3
19083,Hardin County,IA,11
19085,Harrison County,IA,17
19087,Henry County,IA,43
19089,Howard County,IA,12
19091,Humboldt County,IA,6
19093,Ida County,IA,0
19095,Iowa County,IA,24
19097,Jackson County,IA,7
19099,Jasper County,IA,238
19101,Jefferson County,IA,6
19103,Johnson County,IA,549
19105,Jones County,IA,31
19107,Keokuk County,IA,7
19109,Kossuth County,IA,2
19111,Lee County,IA,18
19113,Linn County,IA,819
19115,Louisa County,IA,282
19117,Lucas County,IA,0
19119,Lyon County,IA,16
19121,Madison County,IA,11
19123,Mahaska County,IA,20
19125,Marion County,IA,13
19127,Marshall County,IA,702
19129,Mills County,IA,8
19131,Mitchell County,IA,3
19133,Monona County,IA,12
19135,Monroe County,IA,4
19137,Montgomery County,IA,4
19139,Muscatine County,IA,471
19141,O'Brien County,IA,15
19143,Osceola County,IA,19
19145,Page County,IA,9
19147,Palo Alto County,IA,1
19149,Plymouth County,IA,51
19151,Pocahontas County,IA,3
19153,Polk County,IA,2194
19155,Pottawattamie County,IA,82
19157,Poweshiek County,IA,79
19159,Ringgold County,IA,0
19161,Sac County,IA,2
19163,Scott County,IA,279
19165,Shelby County,IA,18
19167,Sioux County,IA,42
19169,Story County,IA,55
19171,Tama County,IA,327
19173,Taylor County,IA,1
19175,Union County,IA,1
19177,Van Buren County,IA,8
19179,Wapello County,IA,212
19181,Warren County,IA,42
19183,Washington County,IA,156
19185,Wayne County,IA,1
19187,Webster County,IA,9
19189,Winnebago County,IA,3
19191,Winneshiek County,IA,18
19193,Woodbury County,IA,1554
19195,Worth County,IA,1
19197,Wright County,IA,6
20001,Allen County,KS,0
20003,Anderson County,KS,1
20005,Atchison County,KS,12
20007,Barber County,KS,1
20009,Barton County,KS,19
20011,Bourbon County,KS,6
20013,Brown County,KS,1
20015,Butler County,KS,15
20017,Chase County,KS,3
20019,Chautauqua County,KS,4
20021,Cherokee County,KS,8
20023,Cheyenne County,KS,2
20025,Clark County,KS,17
20027,Clay County,KS,4
20029,Cloud County,KS,4
20031,Coffey County,KS,50
20033,Comanche County,KS,0
20035,Cowley County,KS,2
20037,Crawford County,KS,6
20039,Decatur County,KS,0
20041,Dickinson County,KS,2
20043,Doniphan County,KS,7
20045,Douglas County,KS,56
20047,Edwards County,KS,4
20049,Elk County,KS,0
20051,Ellis County,KS,9
20053,Ellsworth County,KS,2
20055,Finney County,KS,783
20057,Ford County,KS,1064
20059,Franklin County,KS,20
20061,Geary County,KS,16
20063,Gove County,KS,1
20065,Graham County,KS,0
20067,Grant County,KS,11
20069,Gray County,KS,6
20071,Greeley County,KS,0
20073,Greenwood County,KS,3
20075,Hamilton County,KS,9
20077,Harper County,KS,1
20079,Harvey County,KS,9
20081,Haskell County,KS,15
20083,Hodgeman County,KS,0
20085,Jackson County,KS,3
20087,Jefferson County,KS,12
20089,Jewell County,KS,4
20091,Johnson County,KS,590
20093,Kearny County,KS,29
20095,Kingman County,KS,0
20097,Kiowa County,KS,2
20099,Labette County,KS,22
20101,Lane County,KS,0
20103,Leavenworth County,KS,910
20105,Lincoln County,KS,0
20107,Linn County,KS,5
20109,Logan County,KS,0
20111,Lyon County,KS,326
20113,McPherson County,KS,25
20115,Marion County,KS,6
20117,Marshall County,KS,0
20119,Meade County,KS,21
20121,Miami County,KS,5
20123,Mitchell County,KS,3
20125,Montgomery County,KS,19
20127,Morris County,KS,3
20129,Morton County,KS,3
20131,Nemaha County,KS,1
20133,Neosho County,KS,2
20135,Ness County,KS,0
20137,Norton County,KS,2
20139,Osage County,KS,5
20141,Osborne County,KS,2
20143,Ottawa County,KS,4
20145,Pawnee County,KS,0
20147,Phillips County,KS,1
20149,Pottawatomie County,KS,18
20151,Pratt County,KS,1
20153,Rawlins County,KS,0
20155,Reno County,KS,51
20157,Republic County,KS,4
20159,Rice County,KS,3
20161,Riley County,KS,57
20163,Rooks County,KS,6
20165,Rush County,KS,0
20167,Russell County,KS,0
20169,Saline County,KS,23
20171,Scott County,KS,3
20173,Sedgwick County,KS,439
20175,Seward County,KS,681
20177,Shawnee County,KS,154
20179,Sheridan County,KS,2
20181,Sherman County,KS,5
20183,Smith County,KS,2
20185,Stafford County,KS,1
20187,Stanton County,KS,7
20189,Stevens County,KS,14
20191,Sumner County,KS,4
20193,Thomas County,KS,0
20195,Trego County,KS,0
20197,Wabaunsee County,KS,27
20199,Wallace County,KS,0
20201,Washington County,KS,0
20203,Wichita County,KS,0
20205,Wilson County,KS,1
20207,Woodson County,KS,6
20209,Wyandotte County,KS,1054
21001,Adair County,KY,86
21003,Allen County,KY,25
21005,Anderson County,KY,9
21007,Ballard County,KY,8
21009,Barren County,KY,28
21011,Bath County,KY,5
21013,Bell County,KY,0
21015,Boone County,KY,210
21017,Bourbon County,KY,8
21019,Boyd County,KY,32
21021,Boyle County,KY,17
21023,Bracken County,KY,9
21025,Breathitt County,KY,2
21027,Breckinridge County,KY,13
21029,Bullitt County,KY,82
21031,Butler County,KY,195
21033,Caldwell County,KY,12
21035,Calloway County,KY,37
21037,Campbell County,KY,115
21039,Carlisle County,KY,3
21041,Carroll County,KY,2
21043,Carter County,KY,6
21045,Casey County,KY,1
21047,Christian County,KY,93
21049,Clark County,KY,20
21051,Clay County,KY,2
21053,Clinton County,KY,3
21055,Crittenden County,KY,4
21057,Cumberland County,KY,5
21059,Daviess County,KY,260
21061,Edmonson County,KY,45
21063,Elliott County,KY,0
21065,Estill County,KY,0
21067,Fayette County,KY,368
21069,Fleming County,KY,1
21071,Floyd County,KY,15
21073,Franklin County,KY,17
21075,Fulton County,KY,1
21077,Gallatin County,KY,1
21079,Garrard County,KY,3
21081,Grant County,KY,30
21083,Graves County,KY,148
21085,Grayson County,KY,95
21087,Green County,KY,1
21089,Greenup County,KY,12
21091,Hancock County,KY,6
21093,Hardin County,KY,61
21095,Harlan County,KY,1
21097,Harrison County,KY,18
21099,Hart County,KY,8
21101,Henderson County,KY,77
21103,Henry County,KY,9
21105,Hickman County,KY,5
21107,Hopkins County,KY,214
21109,Jackson County,KY,56
21111,Jefferson County,KY,1642
21113,Jessamine County,KY,46
21115,Johnson County,KY,5
21117,Kenton County,KY,383
21119,Knott County,KY,4
21121,Knox County,KY,7
21123,Larue County,KY,6
21125,Laurel County,KY,21
21127,Lawrence County,KY,1
21129,Lee County,KY,0
21131,Leslie County,KY,5
21133,Letcher County,KY,3
21135,Lewis County,KY,5
21137,Lincoln County,KY,5
21139,Livingston County,KY,6
21141,Logan County,KY,46
21143,Lyon County,KY,14
21145,McCracken County,KY,69
21147,McCreary County,KY,12
21149,McLean County,KY,16
21151,Madison County,KY,34
21153,Magoffin County,KY,0
21155,Marion County,KY,17
21157,Marshall County,KY,34
21159,Martin County,KY,3
21161,Mason County,KY,7
21163,Meade County,KY,18
21165,Menifee County,KY,3
21167,Mercer County,KY,11
21169,Metcalfe County,KY,2
21171,Monroe County,KY,6
21173,Montgomery County,KY,11
21175,Morgan County,KY,1
21177,Muhlenberg County,KY,453
21179,Nelson County,KY,30
21181,Nicholas County,KY,1
21183,Ohio County,KY,68
21185,Oldham County,KY,37
21187,Owen County,KY,1
21189,Owsley County,KY,2
21191,Pendleton County,KY,5
21193,Perry County,KY,14
21195,Pike County,KY,15
21197,Powell County,KY,1
21199,Pulaski County,KY,43
21201,Robertson County,KY,0
21203,Rockcastle County,KY,12
21205,Rowan County,KY,3
21207,Russell County,KY,18
21209,Scott County,KY,32
21211,Shelby County,KY,49
21213,Simpson County,KY,32
21215,Spencer County,KY,16
21217,Taylor County,KY,9
21219,Todd County,KY,14
21221,Trigg County,KY,9
21223,Trimble County,KY,3
21225,Union County,KY,10
21227,Warren County,KY,530
21229,Washington County,KY,5
21231,Wayne County,KY,8
21233,Webster County,KY,26
21235,Whitley County,KY,11
21237,Wolfe County,KY,0
21239,Woodford County,KY,17
22001,Acadia Parish,LA,148
22003,Allen Parish,LA,90
22005,Ascension Parish,LA,689
22007,Assumption Parish,LA,208
22009,Avoyelles Parish,LA,74
22011,Beauregard Parish,LA,46
22013,Bienville Parish,LA,77
22015,Bossier Parish,LA,310
22017,Caddo Parish,LA,1743
22019,Calcasieu Parish,LA,490
22021,Caldwell Parish,LA,48
22023,Cameron Parish,LA,3
22025,Catahoula Parish,LA,83
22027,Claiborne Parish,LA,58
22029,Concordia Parish,LA,43
22031,De Soto Parish,LA,213
22033,East Baton Rouge Parish,LA,2348
22035,East Carroll Parish,LA,17
22037,East Feliciana Parish,LA,135
22039,Evangeline Parish,LA,66
22041,Franklin Parish,LA,188
22043,Grant Parish,LA,18
22045,Iberia Parish,LA,285
22047,Iberville Parish,LA,495
22049,Jackson Parish,LA,59
22051,Jefferson Parish,LA,6679
22053,Jefferson Davis Parish,LA,67
22055,Lafayette Parish,LA,498
22057,Lafourche Parish,LA,706
22059,La Salle Parish,LA,33
22061,Lincoln Parish,LA,106
22063,Livingston Parish,LA,277
22065,Madison Parish,LA,12
22067,Morehouse Parish,LA,60
22069,Natchitoches Parish,LA,98
22071,Orleans Parish,LA,6674
22073,Ouachita Parish,LA,836
22075,Plaquemines Parish,LA,189
22077,Pointe Coupee Parish,LA,126
22079,Rapides Parish,LA,351
22081,Red River Parish,LA,36
22083,Richland Parish,LA,99
22085,Sabine Parish,LA,17
22087,St. Bernard Parish,LA,511
22089,St. Charles Parish,LA,593
22091,St. Helena Parish,LA,35
22093,St. James Parish,LA,256
22095,St. John the Baptist Parish,LA,801
22097,St. Landry Parish,LA,211
22099,St. Martin Parish,LA,257
22101,St. Mary Parish,LA,242
22103,St. Tammany Parish,LA,1447
22105,Tangipahoa Parish,LA,652
22107,Tensas Parish,LA,5
22109,Terrebonne Parish,LA,523
22111,Union Parish,LA,162
22113,Vermilion Parish,LA,41
22115,Vernon Parish,LA,18
22117,Washington Parish,LA,335
22119,Webster Parish,LA,97
22121,West Baton Rouge Parish,LA,122
22123,West Carroll Parish,LA,4
22125,West Feliciana Parish,LA,181
22127,Winn Parish,LA,51
23001,Androscoggin County,ME,82
23003,Aroostook County,ME,6
23005,Cumberland County,ME,685
23007,Franklin County,ME,31
23009,Hancock County,ME,10
23011,Kennebec County,ME,109
23013,Knox County,ME,18
23015,Lincoln County,ME,15
23017,Oxford County,ME,17
23019,Penobscot County,ME,89
23021,Piscataquis County,ME,1
23023,Sagadahoc County,ME,20
23025,Somerset County,ME,17
23027,Waldo County,ME,49
23029,Washington County,ME,2
23031,York County,ME,256
24001,Allegany County,MD,144
24003,Anne Arundel County,MD,2372
24005,Baltimore County,MD,3737
24009,Calvert County,MD,202
24011,Caroline County,MD,110
24013,Carroll County,MD,551
24015,Cecil County,MD,219
24017,Charles County,MD,729
24019,Dorchester County,MD,91
24021,Frederick County,MD,1213
24023,Garrett County,MD,6
24025,Harford County,MD,589
24027,Howard County,MD,1170
24029,Kent County,MD,102
24031,Montgomery County,MD,6555
24033,Prince George's County,MD,9205
24035,Queen Anne's County,MD,72
24037,St. Mary's County,MD,234
24039,Somerset County,MD,42
24041,Talbot County,MD,58
24043,Washington County,MD,265
24045,Wicomico County,MD,558
24047,Worcester County,MD,102
24510,Baltimore City,MD,3208
25001,Barnstable County,MA,1056
25003,Berkshire County,MA,472
25005,Bristol County,MA,4847
25007,Dukes County,MA,23
25009,Essex County,MA,11211
25011,Franklin County,MA,294
25013,Hampden County,MA,4647
25015,Hampshire County,MA,659
25017,Middlesex County,MA,17307
25019,Nantucket County,MA,11
25021,Norfolk County,MA,6887
25023,Plymouth County,MA,6311
25025,Suffolk County,MA,15119
25027,Worcester County,MA,7611
26001,Alcona County,MI,4
26003,Alger County,MI,0
26005,Allegan County,MI,136
26007,Alpena County,MI,87
26009,Antrim County,MI,10
26011,Arenac County,MI,27
26013,Baraga County,MI,1
26015,Barry County,MI,48
26017,Bay County,MI,189
26019,Benzie County,MI,4
26021,Berrien County,MI,384
26023,Branch County,MI,79
26025,Calhoun County,MI,258
26027,Cass County,MI,41
26029,Charlevoix County,MI,13
26031,Cheboygan County,MI,19
26033,Chippewa County,MI,2
26035,Clare County,MI,12
26037,Clinton County,MI,126
26039,Crawford County,MI,57
26041,Delta County,MI,14
26043,Dickinson County,MI,5
26045,Eaton County,MI,150
26047,Emmet County,MI,21
26049,Genesee County,MI,1750
26051,Gladwin County,MI,16
26053,Gogebic County,MI,4
26055,Grand Traverse County,MI,20
26057,Gratiot County,MI,29
26059,Hillsdale County,MI,151
26061,Houghton County,MI,2
26063,Huron County,MI,34
26065,Ingham County,MI,575
26067,Ionia County,MI,107
26069,Iosco County,MI,54
26071,Iron County,MI,0
26073,Isabella County,MI,61
26075,Jackson County,MI,389
26077,Kalamazoo County,MI,591
26079,Kalkaska County,MI,17
26081,Kent County,MI,2213
26083,Keweenaw County,MI,0
26085,Lake County,MI,2
26087,Lapeer County,MI,175
26089,Leelanau County,MI,9
26091,Lenawee County,MI,127
26093,Livingston County,MI,375
26095,Luce County,MI,1
26097,Mackinac County,MI,6
26099,Macomb County,MI,6019
26101,Manistee County,MI,11
26103,Marquette County,MI,51
26105,Mason County,MI,19
26107,Mecosta County,MI,16
26109,Menominee County,MI,6
26111,Midland County,MI,66
26113,Missaukee County,MI,16
26115,Monroe County,MI,387
26117,Montcalm County,MI,46
26119,Montmorency County,MI,5
26121,Muskegon County,MI,354
26123,Newaygo County,MI,34
26125,Oakland County,MI,7692
26127,Oceana County,MI,25
26129,Ogemaw County,MI,15
26131,Ontonagon County,MI,0
26133,Osceola County,MI,9
26135,Oscoda County,MI,5
26137,Otsego County,MI,97
26139,Ottawa County,MI,373
26141,Presque Isle County,MI,11
26143,Roscommon County,MI,20
26145,Saginaw County,MI,780
26147,St. Clair County,MI,353
26149,St. Joseph County,MI,65
26151,Sanilac County,MI,37
26153,Schoolcraft County,MI,4
26155,Shiawassee County,MI,203
26157,Tuscola County,MI,131
26159,Van Buren County,MI,84
26161,Washtenaw County,MI,1176
26163,Wayne County,MI,17960
26165,Wexford County,MI,10
27001,Aitkin County,MN,2
27003,Anoka County,MN,518
27005,Becker County,MN,25
27007,Beltrami County,MN,6
27009,Benton County,MN,87
27011,Big Stone County,MN,2
27013,Blue Earth County,MN,64
27015,Brown County,MN,9
27017,Carlton County,MN,64
27019,Carver County,MN,78
27021,Cass County,MN,8
27023,Chippewa County,MN,5
27025,Chisago County,MN,19
27027,Clay County,MN,233
27029,Clearwater County,MN,2
27031,Cook County,MN,0
27033,Cottonwood County,MN,45
27035,Crow Wing County,MN,23
27037,Dakota County,MN,408
27039,Dodge County,MN,24
27041,Douglas County,MN,15
27043,Faribault County,MN,8
27045,Fillmore County,MN,12
27047,Freeborn County,MN,43
27049,Goodhue County,MN,25
27051,Grant County,MN,2
27053,Hennepin County,MN,3379
27055,Houston County,MN,2
27057,Hubbard County,MN,0
27059,Isanti County,MN,7
27061,Itasca County,MN,25
27063,Jackson County,MN,31
27065,Kanabec County,MN,9
27067,Kandiyohi County,MN,276
27069,Kittson County,MN,1
27071,Koochiching County,MN,1
27073,Lac Qui Parle County,MN,2
27075,Lake County,MN,1
27077,Lake of the Woods County,MN,0
27079,Le Sueur County,MN,28
27081,Lincoln County,MN,3
27083,Lyon County,MN,17
27085,McLeod County,MN,8
27087,Mahnomen County,MN,2
27089,Marshall County,MN,8
27091,Martin County,MN,112
27093,Meeker County,MN,21
27095,Mille Lacs County,MN,7
27097,Morrison County,MN,13
27099,Mower County,MN,42
27101,Murray County,MN,27
27103,Nicollet County,MN,21
27105,Nobles County,MN,1230
27107,Norman County,MN,9
27109,Olmsted County,MN,363
27111,Otter Tail County,MN,23
27113,Pennington County,MN,1
27115,Pine County,MN,69
27117,Pipestone County,MN,7
27119,Polk County,MN,48
27121,Pope County,MN,5
27123,Ramsey County,MN,875
27125,Red Lake County,MN,1
27127,Redwood County,MN,3
27129,Renville County,MN,5
27131,Rice County,MN,102
27133,Rock County,MN,19
27135,Roseau County,MN,1
27137,St. Louis County,MN,91
27139,Scott County,MN,129
27141,Sherburne County,MN,107
27143,Sibley County,MN,3
27145,Stearns County,MN,1348
27147,Steele County,MN,58
27149,Stevens County,MN,0
27151,Swift County,MN,3
27153,Todd County,MN,33
27155,Traverse County,MN,3
27157,Wabasha County,MN,13
27159,Wadena County,MN,4
27161,Waseca County,MN,16
27163,Washington County,MN,231
27165,Watonwan County,MN,22
27167,Wilkin County,MN,11
27169,Winona County,MN,70
27171,Wright County,MN,92
27173,Yellow Medicine County,MN,3
28001,Adams County,MS,158
28003,Alcorn County,MS,10
28005,Amite County,MS,34
28007,Attala County,MS,190
28009,Benton County,MS,13
28011,Bolivar County,MS,118
28013,Calhoun County,MS,57
28015,Carroll County,MS,101
28017,Chickasaw County,MS,92
28019,Choctaw County,MS,15
28021,Claiborne County,MS,41
28023,Clarke County,MS,79
28025,Clay County,MS,65
28027,Coahoma County,MS,71
28029,Copiah County,MS,157
28031,Covington County,MS,89
28033,DeSoto County,MS,331
28035,Forrest County,MS,309
28037,Franklin County,MS,17
28039,George County,MS,15
28041,Greene County,MS,6
28043,Grenada County,MS,47
28045,Hancock County,MS,73
28047,Harrison County,MS,198
28049,Hinds County,MS,663
28051,Holmes County,MS,206
28053,Humphreys County,MS,30
28055,Issaquena County,MS,0
28057,Itawamba County,MS,68
28059,Jackson County,MS,275
28061,Jasper County,MS,86
28063,Jefferson County,MS,30
28065,Jefferson Davis County,MS,53
28067,Jones County,MS,243
28069,Kemper County,MS,91
28071,Lafayette County,MS,98
28073,Lamar County,MS,145
28075,Lauderdale County,MS,471
28077,Lawrence County,MS,64
28079,Leake County,MS,299
28081,Lee County,MS,77
28083,Leflore County,MS,185
28085,Lincoln County,MS,184
28087,Lowndes County,MS,79
28089,Madison County,MS,422
28091,Marion County,MS,81
28093,Marshall County,MS,55
28095,Monroe County,MS,199
28097,Montgomery County,MS,67
28099,Neshoba County,MS,307
28101,Newton County,MS,137
28103,Noxubee County,MS,102
28105,Oktibbeha County,MS,86
28107,Panola County,MS,43
28109,Pearl River County,MS,189
28111,Perry County,MS,34
28113,Pike County,MS,168
28115,Pontotoc County,MS,23
28117,Prentiss County,MS,35
28119,Quitman County,MS,16
28121,Rankin County,MS,248
28123,Scott County,MS,454
28125,Sharkey County,MS,5
28127,Simpson County,MS,61
28129,Smith County,MS,100
28131,Stone County,MS,23
28133,Sunflower County,MS,63
28135,Tallahatchie County,MS,12
28137,Tate County,MS,50
28139,Tippah County,MS,65
28141,Tishomingo County,MS,10
28143,Tunica County,MS,38
28145,Union County,MS,47
28147,Walthall County,MS,37
28149,Warren County,MS,98
28151,Washington County,MS,82
28153,Wayne County,MS,27
28155,Webster County,MS,21
28157,Wilkinson County,MS,75
28159,Winston County,MS,61
28161,Yalobusha County,MS,30
28163,Yazoo County,MS,162
29001,Adair County,MO,12
29003,Andrew County,MO,7
29005,Atchison County,MO,2
29007,Audrain County,MO,1
29009,Barry County,MO,6
29011,Barton County,MO,0
29013,Bates County,MO,6
29015,Benton County,MO,8
29017,Bollinger County,MO,4
29019,Boone County,MO,98
29021,Buchanan County,MO,432
29023,Butler County,MO,26
29025,Caldwell County,MO,3
29027,Callaway County,MO,23
29029,Camden County,MO,35
29031,Cape Girardeau County,MO,49
29033,Carroll County,MO,3
29035,Carter County,MO,3
29037,Cass County,MO,66
29039,Cedar County,MO,9
29041,Chariton County,MO,5
29043,Christian County,MO,20
29045,Clark County,MO,1
29047,Clay County,MO,90
29049,Clinton County,MO,14
29051,Cole County,MO,54
29053,Cooper County,MO,9
29055,Crawford County,MO,8
29057,Dade County,MO,0
29059,Dallas County,MO,2
29061,Daviess County,MO,3
29063,DeKalb County,MO,3
29065,Dent County,MO,0
29067,Douglas County,MO,0
29069,Dunklin County,MO,24
29071,Franklin County,MO,128
29073,Gasconade County,MO,2
29075,Gentry County,MO,1
29077,Greene County,MO,93
29079,Grundy County,MO,0
29081,Harrison County,MO,6
29083,Henry County,MO,9
29085,Hickory County,MO,0
29087,Holt County,MO,1
29089,Howard County,MO,2
29091,Howell County,MO,5
29093,Iron County,MO,2
29095,Jackson County (including other portions of Kansas City),MO,1142
29097,Jasper County,MO,28
29099,Jefferson County,MO,292
29101,Johnson County,MO,62
29103,Knox County,MO,0
29105,Laclede County,MO,1
29107,Lafayette County,MO,59
29109,Lawrence County,MO,7
29111,Lewis County,MO,6
29113,Lincoln County,MO,75
29115,Linn County,MO,5
29117,Livingston County,MO,3
29119,McDonald County,MO,4
29121,Macon County,MO,2
29123,Madison County,MO,3
29125,Maries County,MO,2
29127,Marion County,MO,5
29129,Mercer County,MO,0
29131,Miller County,MO,3
29133,Mississippi County,MO,0
29135,Moniteau County,MO,44
29137,Monroe County,MO,0
29139,Montgomery County,MO,7
29141,Morgan County,MO,7
29143,New Madrid County,MO,12
29145,Newton County,MO,11
29147,Nodaway County,MO,5
29149,Oregon County,MO,2
29151,Osage County,MO,5
29153,Ozark County,MO,0
29155,Pemiscot County,MO,57
29157,Perry County,MO,45
29159,Pettis County,MO,64
29161,Phelps County,MO,2
29163,Pike County,MO,12
29165,Platte County,MO,40
29167,Polk County,MO,1
29169,Pulaski County,MO,33
29171,Putnam County,MO,0
29173,Ralls County,MO,1
29175,Randolph County,MO,8
29177,Ray County,MO,12
29179,Reynolds County,MO,2
29181,Ripley County,MO,5
29183,St. Charles County,MO,658
29185,St. Clair County,MO,2
29186,Ste. Genevieve County,MO,8
29187,St. Francois County,MO,29
29189,St. Louis County,MO,3727
29195,Saline County,MO,215
29197,Schuyler County,MO,0
29199,Scotland County,MO,4
29201,Scott County,MO,79
29203,Shannon County,MO,0
29205,Shelby County,MO,1
29207,Stoddard County,MO,29
29209,Stone County,MO,3
29211,Sullivan County,MO,1
29213,Taney County,MO,12
29215,Texas County,MO,0
29217,Vernon County,MO,4
29219,Warren County,MO,24
29221,Washington County,MO,9
29223,Wayne County,MO,0
29225,Webster County,MO,16
29227,Worth County,MO,1
29229,Wright County,MO,10
29510,City of St. Louis,MO,1432
30001,Beaverhead County,MT,1
30003,Big Horn County,MT,3
30005,Blaine County,MT,0
30007,Broadwater County,MT,4
30009,Carbon County,MT,6
30011,Carter County,MT,0
30013,Cascade County,MT,16
30015,Chouteau County,MT,0
30017,Custer County,MT,0
30019,Daniels County,MT,0
30021,Dawson County,MT,0
30023,Deer Lodge County,MT,3
30025,Fallon County,MT,0
30027,Fergus County,MT,0
30029,Flathead County,MT,37
30031,Gallatin County,MT,149
30033,Garfield County,MT,0
30035,Glacier County,MT,6
30037,Golden Valley County,MT,3
30039,Granite County,MT,0
30041,Hill County,MT,1
30043,Jefferson County,MT,2
30045,Judith Basin County,MT,0
30047,Lake County,MT,5
30049,Lewis and Clark County,MT,16
30051,Liberty County,MT,1
30053,Lincoln County,MT,7
30055,McCone County,MT,0
30057,Madison County,MT,8
30059,Meagher County,MT,1
30061,Mineral County,MT,0
30063,Missoula County,MT,39
30065,Musselshell County,MT,1
30067,Park County,MT,8
30069,Petroleum County,MT,0
30071,Phillips County,MT,0
30073,Pondera County,MT,2
30075,Powder River County,MT,0
30077,Powell County,MT,0
30079,Prairie County,MT,0
30081,Ravalli County,MT,5
30083,Richland County,MT,3
30085,Roosevelt County,MT,7
30087,Rosebud County,MT,0
30089,Sanders County,MT,0
30091,Sheridan County,MT,0
30093,Silver Bow County,MT,11
30095,Stillwater County,MT,1
30097,Sweet Grass County,MT,0
30099,Teton County,MT,0
30101,Toole County,MT,29
30103,Treasure County,MT,0
30105,Valley County,MT,0
30107,Wheatland County,MT,1
30109,Wibaux County,MT,0
30111,Yellowstone County,MT,83
31001,Adams County,NE,223
31003,Antelope County,NE,5
31005,Arthur County,NE,0
31007,Banner County,NE,0
31009,Blaine County,NE,0
31011,Boone County,NE,2
31013,Box Butte County,NE,1
31015,Boyd County,NE,0
31017,Brown County,NE,0
31019,Buffalo County,NE,121
31021,Burt County,NE,5
31023,Butler County,NE,16
31025,Cass County,NE,11
31027,Cedar County,NE,5
31029,Chase County,NE,0
31031,Cherry County,NE,1
31033,Cheyenne County,NE,8
31035,Clay County,NE,11
31037,Colfax County,NE,411
31039,Cuming County,NE,12
31041,Custer County,NE,27
31043,Dakota County,NE,1342
31045,Dawes County,NE,1
31047,Dawson County,NE,705
31049,Deuel County,NE,0
31051,Dixon County,NE,24
31053,Dodge County,NE,147
31055,Douglas County,NE,1501
31057,Dundy County,NE,0
31059,Fillmore County,NE,3
31061,Franklin County,NE,5
31063,Frontier County,NE,1
31065,Furnas County,NE,4
31067,Gage County,NE,40
31069,Garden County,NE,0
31071,Garfield County,NE,0
31073,Gosper County,NE,12
31075,Grant County,NE,0
31077,Greeley County,NE,2
31079,Hall County,NE,1325
31081,Hamilton County,NE,45
31083,Harlan County,NE,0
31085,Hayes County,NE,0
31087,Hitchcock County,NE,1
31089,Holt County,NE,1
31091,Hooker County,NE,0
31093,Howard County,NE,21
31095,Jefferson County,NE,4
31097,Johnson County,NE,5
31099,Kearney County,NE,6
31101,Keith County,NE,2
31103,Keya Paha County,NE,0
31105,Kimball County,NE,8
31107,Knox County,NE,5
31109,Lancaster County,NE,595
31111,Lincoln County,NE,39
31113,Logan County,NE,0
31115,Loup County,NE,0
31117,McPherson County,NE,0
31119,Madison County,NE,249
31121,Merrick County,NE,21
31123,Morrill County,NE,9
31125,Nance County,NE,4
31127,Nemaha County,NE,1
31129,Nuckolls County,NE,0
31131,Otoe County,NE,2
31133,Pawnee County,NE,0
31135,Perkins County,NE,0
31137,Phelps County,NE,10
31139,Pierce County,NE,1
31141,Platte County,NE,353
31143,Polk County,NE,9
31145,Red Willow County,NE,5
31147,Richardson County,NE,0
31149,Rock County,NE,0
31151,Saline County,NE,349
31153,Sarpy County,NE,234
31155,Saunders County,NE,11
31157,Scotts Bluff County,NE,41
31159,Seward County,NE,17
31161,Sheridan County,NE,0
31163,Sherman County,NE,2
31165,Sioux County,NE,0
31167,Stanton County,NE,8
31169,Thayer County,NE,0
31171,Thomas County,NE,1
31173,Thurston County,NE,12
31175,Valley County,NE,1
31177,Washington County,NE,22
31179,Wayne County,NE,2
31181,Webster County,NE,5
31183,Wheeler County,NE,0
31185,York County,NE,17
32001,Churchill County,NV,5
32003,Clark County,NV,4704
32005,Douglas County,NV,24
32007,Elko County,NV,15
32009,Esmeralda County,NV,0
32011,Eureka County,NV,0
32013,Humboldt County,NV,65
32015,Lander County,NV,17
32017,Lincoln County,NV,1
32019,Lyon County,NV,40
32021,Mineral County,NV,4
32023,Nye County,NV,44
32027,Pershing County,NV,0
32029,Storey County,NV,0
32031,Washoe County,NV,1077
32033,White Pine County,NV,3
32510,Carson City,NV,52
33001,Belknap County,NH,44
33003,Carroll County,NH,36
33005,Cheshire County,NH,43
33007,Coos County,NH,2
33009,Grafton County,NH,55
33011,Hillsborough County,NH,1404
33013,Merrimack County,NH,234
33015,Rockingham County,NH,964
33017,Strafford County,NH,183
33019,Sullivan County,NH,14
34001,Atlantic County,NJ,1494
34003,Bergen County,NJ,16804
34005,Burlington County,NJ,3531
34007,Camden County,NJ,4758
34009,Cape May County,NJ,442
34011,Cumberland County,NJ,1245
34013,Essex County,NJ,15365
34015,Gloucester County,NJ,1631
34017,Hudson County,NJ,16675
34019,Hunterdon County,NJ,706
34021,Mercer County,NJ,5233
34023,Middlesex County,NJ,13759
34025,Monmouth County,NJ,6815
34027,Morris County,NJ,5833
34029,Ocean County,NJ,7366
34031,Passaic County,NJ,14428
34033,Salem County,NJ,400
34035,Somerset County,NJ,3996
34037,Sussex County,NJ,1023
34039,Union County,NJ,13984
34041,Warren County,NJ,1040
35001,Bernalillo County,NM,1050
35003,Catron County,NM,2
35005,Chaves County,NM,27
35006,Cibola County,NM,86
35007,Colfax County,NM,5
35009,Curry County,NM,29
35011,De Baca County,NM,0
35013,Dona Ana County,NM,201
35015,Eddy County,NM,14
35017,Grant County,NM,15
35019,Guadalupe County,NM,15
35021,Harding County,NM,1
35023,Hidalgo County,NM,0
35025,Lea County,NM,14
35027,Lincoln County,NM,2
35028,Los Alamos County,NM,6
35029,Luna County,NM,7
35031,McKinley County,NM,1508
35033,Mora County,NM,0
35035,Otero County,NM,7
35037,Quay County,NM,4
35039,Rio Arriba County,NM,27
35041,Roosevelt County,NM,11
35043,Sandoval County,NM,452
35045,San Juan County,NM,1015
35047,San Miguel County,NM,6
35049,Santa Fe County,NM,110
35051,Sierra County,NM,1
35053,Socorro County,NM,48
35055,Taos County,NM,20
35057,Torrance County,NM,18
35059,Union County,NM,3
35061,Valencia County,NM,55
1,New York City Unallocated/Probable,NY,0
36001,Albany County,NY,1416
36003,Allegany County,NY,35
36005,Bronx County,NY,40804
36007,Broome County,NY,372
36009,Cattaraugus County,NY,60
36011,Cayuga County,NY,53
36013,Chautauqua County,NY,40
36015,Chemung County,NY,131
36017,Chenango County,NY,109
36019,Clinton County,NY,76
36021,Columbia County,NY,304
36023,Cortland County,NY,29
36025,Delaware County,NY,63
36027,Dutchess County,NY,3319
36029,Erie County,NY,4337
36031,Essex County,NY,31
36033,Franklin County,NY,17
36035,Fulton County,NY,104
36037,Genesee County,NY,170
36039,Greene County,NY,204
36041,Hamilton County,NY,5
36043,Herkimer County,NY,77
36045,Jefferson County,NY,67
36047,Kings County,NY,49461
36049,Lewis County,NY,11
36051,Livingston County,NY,101
36053,Madison County,NY,250
36055,Monroe County,NY,1775
36057,Montgomery County,NY,66
36059,Nassau County,NY,38028
36061,New York County,NY,23881
36063,Niagara County,NY,627
36065,Oneida County,NY,638
36067,Onondaga County,NY,1218
36069,Ontario County,NY,104
36071,Orange County,NY,9486
36073,Orleans County,NY,122
36075,Oswego County,NY,75
36077,Otsego County,NY,67
36079,Putnam County,NY,1080
36081,Queens County,NY,56493
36083,Rensselaer County,NY,407
36085,Richmond County,NY,12650
36087,Rockland County,NY,12400
36089,St. Lawrence County,NY,187
36091,Saratoga County,NY,399
36093,Schenectady County,NY,571
36095,Schoharie County,NY,46
36097,Schuyler County,NY,7
36099,Seneca County,NY,48
36101,Steuben County,NY,226
36103,Suffolk County,NY,36461
36105,Sullivan County,NY,1071
36107,Tioga County,NY,104
36109,Tompkins County,NY,132
36111,Ulster County,NY,1440
36113,Warren County,NY,202
36115,Washington County,NY,204
36117,Wayne County,NY,79
36119,Westchester County,NY,31087
36121,Wyoming County,NY,75
36123,Yates County,NY,20
37001,Alamance County,NC,152
37003,Alexander County,NC,10
37005,Alleghany County,NC,7
37007,Anson County,NC,38
37009,Ashe County,NC,8
37011,Avery County,NC,0
37013,Beaufort County,NC,24
37015,Bertie County,NC,60
37017,Bladen County,NC,51
37019,Brunswick County,NC,50
37021,Buncombe County,NC,92
37023,Burke County,NC,131
37025,Cabarrus County,NC,341
37027,Caldwell County,NC,55
37029,Camden County,NC,2
37031,Carteret County,NC,29
37033,Caswell County,NC,38
37035,Catawba County,NC,78
37037,Chatham County,NC,447
37039,Cherokee County,NC,17
37041,Chowan County,NC,10
37043,Clay County,NC,5
37045,Cleveland County,NC,50
37047,Columbus County,NC,196
37049,Craven County,NC,51
37051,Cumberland County,NC,347
37053,Currituck County,NC,9
37055,Dare County,NC,15
37057,Davidson County,NC,201
37059,Davie County,NC,32
37061,Duplin County,NC,225
37063,Durham County,NC,847
37065,Edgecombe County,NC,151
37067,Forsyth County,NC,369
37069,Franklin County,NC,111
37071,Gaston County,NC,168
37073,Gates County,NC,11
37075,Graham County,NC,2
37077,Granville County,NC,164
37079,Greene County,NC,33
37081,Guilford County,NC,574
37083,Halifax County,NC,85
37085,Harnett County,NC,212
37087,Haywood County,NC,16
37089,Henderson County,NC,224
37091,Hertford County,NC,48
37093,Hoke County,NC,120
37095,Hyde County,NC,1
37097,Iredell County,NC,147
37099,Jackson County,NC,21
37101,Johnston County,NC,201
37103,Jones County,NC,18
37105,Lee County,NC,246
37107,Lenoir County,NC,113
37109,Lincoln County,NC,39
37111,McDowell County,NC,29
37113,Macon County,NC,3
37115,Madison County,NC,1
37117,Martin County,NC,29
37119,Mecklenburg County,NC,2043
37121,Mitchell County,NC,5
37123,Montgomery County,NC,41
37125,Moore County,NC,110
37127,Nash County,NC,118
37129,New Hanover County,NC,96
37131,Northampton County,NC,102
37133,Onslow County,NC,53
37135,Orange County,NC,248
37137,Pamlico County,NC,8
37139,Pasquotank County,NC,80
37141,Pender County,NC,36
37143,Perquimans County,NC,17
37145,Person County,NC,30
37147,Pitt County,NC,162
37149,Polk County,NC,29
37151,Randolph County,NC,317
37153,Richmond County,NC,89
37155,Robeson County,NC,365
37157,Rockingham County,NC,39
37159,Rowan County,NC,480
37161,Rutherford County,NC,151
37163,Sampson County,NC,145
37165,Scotland County,NC,36
37167,Stanly County,NC,29
37169,Stokes County,NC,11
37171,Surry County,NC,33
37173,Swain County,NC,5
37175,Transylvania County,NC,7
37177,Tyrrell County,NC,4
37179,Union County,NC,294
37181,Vance County,NC,161
37183,Wake County,NC,1013
37185,Warren County,NC,23
37187,Washington County,NC,25
37189,Watauga County,NC,9
37191,Wayne County,NC,726
37193,Wilkes County,NC,202
37195,Wilson County,NC,203
37197,Yadkin County,NC,49
37199,Yancey County,NC,7
38001,Adams County,ND,0
38003,Barnes County,ND,4
38005,Benson County,ND,1
38007,Billings County,ND,0
38009,Bottineau County,ND,0
38011,Bowman County,ND,1
38013,Burke County,ND,5
38015,Burleigh County,ND,103
38017,Cass County,ND,781
38019,Cavalier County,ND,0
38021,Dickey County,ND,0
38023,Divide County,ND,1
38025,Dunn County,ND,11
38027,Eddy County,ND,1
38029,Emmons County,ND,1
38031,Foster County,ND,1
38033,Golden Valley County,ND,0
38035,Grand Forks County,ND,284
38037,Grant County,ND,1
38039,Griggs County,ND,0
38041,Hettinger County,ND,0
38043,Kidder County,ND,0
38045,LaMoure County,ND,0
38047,Logan County,ND,0
38049,McHenry County,ND,2
38051,McIntosh County,ND,1
38053,McKenzie County,ND,15
38055,McLean County,ND,5
38057,Mercer County,ND,3
38059,Morton County,ND,35
38061,Mountrail County,ND,37
38063,Nelson County,ND,1
38065,Oliver County,ND,1
38067,Pembina County,ND,6
38069,Pierce County,ND,3
38071,Ramsey County,ND,7
38073,Ransom County,ND,3
38075,Renville County,ND,1
38077,Richland County,ND,8
38079,Rolette County,ND,3
38081,Sargent County,ND,3
38083,Sheridan County,ND,0
38085,Sioux County,ND,1
38087,Slope County,ND,3
38089,Stark County,ND,61
38091,Steele County,ND,0
38093,Stutsman County,ND,13
38095,Towner County,ND,0
38097,Traill County,ND,1
38099,Walsh County,ND,8
38101,Ward County,ND,27
38103,Wells County,ND,2
38105,Williams County,ND,18
39001,Adams County,OH,6
39003,Allen County,OH,144
39005,Ashland County,OH,14
39007,Ashtabula County,OH,190
39009,Athens County,OH,5
39011,Auglaize County,OH,42
39013,Belmont County,OH,229
39015,Brown County,OH,16
39017,Butler County,OH,436
39019,Carroll County,OH,23
39021,Champaign County,OH,17
39023,Clark County,OH,90
39025,Clermont County,OH,122
39027,Clinton County,OH,33
39029,Columbiana County,OH,319
39031,Coshocton County,OH,19
39033,Crawford County,OH,71
39035,Cuyahoga County,OH,2755
39037,Darke County,OH,84
39039,Defiance County,OH,25
39041,Delaware County,OH,211
39043,Erie County,OH,79
39045,Fairfield County,OH,177
39047,Fayette County,OH,26
39049,Franklin County,OH,3710
39051,Fulton County,OH,30
39053,Gallia County,OH,6
39055,Geauga County,OH,189
39057,Greene County,OH,53
39059,Guernsey County,OH,21
39061,Hamilton County,OH,1731
39063,Hancock County,OH,39
39065,Hardin County,OH,27
39067,Harrison County,OH,6
39069,Henry County,OH,8
39071,Highland County,OH,12
39073,Hocking County,OH,20
39075,Holmes County,OH,7
39077,Huron County,OH,38
39079,Jackson County,OH,7
39081,Jefferson County,OH,54
39083,Knox County,OH,20
39085,Lake County,OH,194
39087,Lawrence County,OH,24
39089,Licking County,OH,162
39091,Logan County,OH,23
39093,Lorain County,OH,543
39095,Lucas County,OH,1710
39097,Madison County,OH,81
39099,Mahoning County,OH,1104
39101,Marion County,OH,2381
39103,Medina County,OH,193
39105,Meigs County,OH,3
39107,Mercer County,OH,66
39109,Miami County,OH,244
39111,Monroe County,OH,8
39113,Montgomery County,OH,369
39115,Morgan County,OH,5
39117,Morrow County,OH,84
39119,Muskingum County,OH,25
39121,Noble County,OH,5
39123,Ottawa County,OH,46
39125,Paulding County,OH,9
39127,Perry County,OH,13
39129,Pickaway County,OH,1844
39131,Pike County,OH,5
39133,Portage County,OH,274
39135,Preble County,OH,28
39137,Putnam County,OH,76
39139,Richland County,OH,113
39141,Ross County,OH,48
39143,Sandusky County,OH,48
39145,Scioto County,OH,13
39147,Seneca County,OH,14
39149,Shelby County,OH,31
39151,Stark County,OH,479
39153,Summit County,OH,880
39155,Trumbull County,OH,404
39157,Tuscarawas County,OH,196
39159,Union County,OH,28
39161,Van Wert County,OH,3
39163,Vinton County,OH,11
39165,Warren County,OH,202
39167,Washington County,OH,113
39169,Wayne County,OH,186
39171,Williams County,OH,44
39173,Wood County,OH,222
39175,Wyandot County,OH,26
40001,Adair County,OK,72
40003,Alfalfa County,OK,1
40005,Atoka County,OK,1
40007,Beaver County,OK,19
40009,Beckham County,OK,6
40011,Blaine County,OK,1
40013,Bryan County,OK,12
40015,Caddo County,OK,100
40017,Canadian County,OK,110
40019,Carter County,OK,6
40021,Cherokee County,OK,28
40023,Choctaw County,OK,3
40025,Cimarron County,OK,1
40027,Cleveland County,OK,455
40029,Coal County,OK,0
40031,Comanche County,OK,124
40033,Cotton County,OK,5
40035,Craig County,OK,12
40037,Creek County,OK,82
40039,Custer County,OK,11
40041,Delaware County,OK,92
40043,Dewey County,OK,2
40045,Ellis County,OK,0
40047,Garfield County,OK,21
40049,Garvin County,OK,14
40051,Grady County,OK,45
40053,Grant County,OK,2
40055,Greer County,OK,65
40057,Harmon County,OK,0
40059,Harper County,OK,1
40061,Haskell County,OK,5
40063,Hughes County,OK,0
40065,Jackson County,OK,19
40067,Jefferson County,OK,3
40069,Johnston County,OK,3
40071,Kay County,OK,48
40073,Kingfisher County,OK,8
40075,Kiowa County,OK,6
40077,Latimer County,OK,5
40079,Le Flore County,OK,13
40081,Lincoln County,OK,17
40083,Logan County,OK,18
40085,Love County,OK,3
40087,McClain County,OK,85
40089,McCurtain County,OK,8
40091,McIntosh County,OK,5
40093,Major County,OK,5
40095,Marshall County,OK,2
40097,Mayes County,OK,24
40099,Murray County,OK,2
40101,Muskogee County,OK,29
40103,Noble County,OK,7
40105,Nowata County,OK,22
40107,Okfuskee County,OK,1
40109,Oklahoma County,OK,927
40111,Okmulgee County,OK,16
40113,Osage County,OK,88
40115,Ottawa County,OK,34
40117,Pawnee County,OK,29
40119,Payne County,OK,44
40121,Pittsburg County,OK,38
40123,Pontotoc County,OK,10
40125,Pottawatomie County,OK,54
40127,Pushmataha County,OK,1
40129,Roger Mills County,OK,0
40131,Rogers County,OK,70
40133,Seminole County,OK,20
40135,Sequoyah County,OK,13
40137,Stephens County,OK,22
40139,Texas County,OK,345
40141,Tillman County,OK,19
40143,Tulsa County,OK,695
40145,Wagoner County,OK,125
40147,Washington County,OK,296
40149,Washita County,OK,0
40151,Woods County,OK,3
40153,Woodward County,OK,1
41001,Baker County,OR,1
41003,Benton County,OR,44
41005,Clackamas County,OR,256
41007,Clatsop County,OR,28
41009,Columbia County,OR,15
41011,Coos County,OR,29
41013,Crook County,OR,1
41015,Curry County,OR,4
41017,Deschutes County,OR,85
41019,Douglas County,OR,24
41021,Gilliam County,OR,0
41023,Grant County,OR,1
41025,Harney County,OR,1
41027,Hood River County,OR,12
41029,Jackson County,OR,49
41031,Jefferson County,OR,24
41033,Josephine County,OR,24
41035,Klamath County,OR,39
41037,Lake County,OR,0
41039,Lane County,OR,60
41041,Lincoln County,OR,6
41043,Linn County,OR,102
41045,Malheur County,OR,14
41047,Marion County,OR,663
41049,Morrow County,OR,12
41051,Multnomah County,OR,863
41053,Polk County,OR,82
41055,Sherman County,OR,1
41057,Tillamook County,OR,6
41059,Umatilla County,OR,84
41061,Union County,OR,4
41063,Wallowa County,OR,1
41065,Wasco County,OR,15
41067,Washington County,OR,562
41069,Wheeler County,OR,0
41071,Yamhill County,OR,47
42001,Adams County,PA,156
42003,Allegheny County,PA,1486
42005,Armstrong County,PA,55
42007,Beaver County,PA,482
42009,Bedford County,PA,29
42011,Berks County,PA,3257
42013,Blair County,PA,28
42015,Bradford County,PA,37
42017,Bucks County,PA,3852
42019,Butler County,PA,194
42021,Cambria County,PA,42
42023,Cameron County,PA,2
42025,Carbon County,PA,195
42027,Centre County,PA,117
42029,Chester County,PA,1774
42031,Clarion County,PA,23
42033,Clearfield County,PA,24
42035,Clinton County,PA,41
42037,Columbia County,PA,323
42039,Crawford County,PA,20
42041,Cumberland County,PA,425
42043,Dauphin County,PA,797
42045,Delaware County,PA,4836
42047,Elk County,PA,5
42049,Erie County,PA,120
42051,Fayette County,PA,85
42053,Forest County,PA,7
42055,Franklin County,PA,478
42057,Fulton County,PA,8
42059,Greene County,PA,27
42061,Huntingdon County,PA,119
42063,Indiana County,PA,76
42065,Jefferson County,PA,7
42067,Juniata County,PA,93
42069,Lackawanna County,PA,1134
42071,Lancaster County,PA,2185
42073,Lawrence County,PA,69
42075,Lebanon County,PA,805
42077,Lehigh County,PA,3169
42079,Luzerne County,PA,2356
42081,Lycoming County,PA,127
42083,McKean County,PA,6
42085,Mercer County,PA,73
42087,Mifflin County,PA,50
42089,Monroe County,PA,1206
42091,Montgomery County,PA,5116
42093,Montour County,PA,49
42095,Northampton County,PA,2429
42097,Northumberland County,PA,119
42099,Perry County,PA,34
42101,Philadelphia County,PA,14637
42103,Pike County,PA,427
42105,Potter County,PA,4
42107,Schuylkill County,PA,437
42109,Snyder County,PA,33
42111,Somerset County,PA,32
42113,Sullivan County,PA,1
42115,Susquehanna County,PA,81
42117,Tioga County,PA,16
42119,Union County,PA,40
42121,Venango County,PA,7
42123,Warren County,PA,1
42125,Washington County,PA,124
42127,Wayne County,PA,107
42129,Westmoreland County,PA,415
42131,Wyoming County,PA,28
42133,York County,PA,767
44001,Bristol County,RI,154
44003,Kent County,RI,703
44005,Newport County,RI,161
44007,Providence County,RI,7138
44009,Washington County,RI,363
45001,Abbeville County,SC,34
45003,Aiken County,SC,116
45005,Allendale County,SC,24
45007,Anderson County,SC,184
45009,Bamberg County,SC,15
45011,Barnwell County,SC,33
45013,Beaufort County,SC,273
45015,Berkeley County,SC,192
45017,Calhoun County,SC,8
45019,Charleston County,SC,481
45021,Cherokee County,SC,22
45023,Chester County,SC,38
45025,Chesterfield County,SC,75
45027,Clarendon County,SC,262
45029,Colleton County,SC,32
45031,Darlington County,SC,173
45033,Dillon County,SC,88
45035,Dorchester County,SC,105
45037,Edgefield County,SC,39
45039,Fairfield County,SC,80
45041,Florence County,SC,412
45043,Georgetown County,SC,50
45045,Greenville County,SC,912
45047,Greenwood County,SC,62
45049,Hampton County,SC,27
45051,Horry County,SC,256
45053,Jasper County,SC,23
45055,Kershaw County,SC,253
45057,Lancaster County,SC,104
45059,Laurens County,SC,46
45061,Lee County,SC,99
45063,Lexington County,SC,472
45065,McCormick County,SC,7
45067,Marion County,SC,47
45069,Marlboro County,SC,57
45071,Newberry County,SC,30
45073,Oconee County,SC,37
45075,Orangeburg County,SC,99
45077,Pickens County,SC,68
45079,Richland County,SC,1082
45081,Saluda County,SC,86
45083,Spartanburg County,SC,336
45085,Sumter County,SC,286
45087,Union County,SC,30
45089,Williamsburg County,SC,136
45091,York County,SC,237
46003,Aurora County,SD,1
46005,Beadle County,SD,21
46007,Bennett County,SD,0
46009,Bon Homme County,SD,4
46011,Brookings County,SD,14
46013,Brown County,SD,110
46015,Brule County,SD,0
46017,Buffalo County,SD,1
46019,Butte County,SD,0
46021,Campbell County,SD,0
46023,Charles Mix County,SD,5
46025,Clark County,SD,2
46027,Clay County,SD,9
46029,Codington County,SD,15
46031,Corson County,SD,1
46033,Custer County,SD,0
46035,Davison County,SD,7
46037,Day County,SD,10
46039,Deuel County,SD,1
46041,Dewey County,SD,0
46043,Douglas County,SD,1
46045,Edmunds County,SD,0
46047,Fall River County,SD,2
46049,Faulk County,SD,1
46051,Grant County,SD,2
46053,Gregory County,SD,0
46055,Haakon County,SD,0
46057,Hamlin County,SD,2
46059,Hand County,SD,1
46061,Hanson County,SD,0
46063,Harding County,SD,0
46065,Hughes County,SD,15
46067,Hutchinson County,SD,3
46069,Hyde County,SD,1
46071,Jackson County,SD,0
46073,Jerauld County,SD,6
46075,Jones County,SD,0
46077,Kingsbury County,SD,0
46079,Lake County,SD,5
46081,Lawrence County,SD,9
46083,Lincoln County,SD,186
46085,Lyman County,SD,3
46087,McCook County,SD,4
46089,McPherson County,SD,1
46091,Marshall County,SD,1
46093,Meade County,SD,3
46095,Mellette County,SD,0
46097,Miner County,SD,1
46099,Minnehaha County,SD,2767
46101,Moody County,SD,14
46102,Oglala Lakota County,SD,1
46103,Pennington County,SD,19
46105,Perkins County,SD,0
46107,Potter County,SD,0
46109,Roberts County,SD,13
46111,Sanborn County,SD,3
46115,Spink County,SD,4
46117,Stanley County,SD,8
46119,Sully County,SD,1
46121,Todd County,SD,8
46123,Tripp County,SD,0
46125,Turner County,SD,18
46127,Union County,SD,53
46129,Walworth County,SD,5
46135,Yankton County,SD,29
46137,Ziebach County,SD,1
47001,Anderson County,TN,31
47003,Bedford County,TN,231
47005,Benton County,TN,6
47007,Bledsoe County,TN,603
47009,Blount County,TN,71
47011,Bradley County,TN,69
47013,Campbell County,TN,16
47015,Cannon County,TN,13
47017,Carroll County,TN,18
47019,Carter County,TN,18
47021,Cheatham County,TN,61
47023,Chester County,TN,12
47025,Claiborne County,TN,7
47027,Clay County,TN,6
47029,Cocke County,TN,17
47031,Coffee County,TN,52
47033,Crockett County,TN,9
47035,Cumberland County,TN,84
47037,Davidson County,TN,3358
47039,Decatur County,TN,4
47041,DeKalb County,TN,27
47043,Dickson County,TN,85
47045,Dyer County,TN,41
47047,Fayette County,TN,77
47049,Fentress County,TN,6
47051,Franklin County,TN,40
47053,Gibson County,TN,53
47055,Giles County,TN,9
47057,Grainger County,TN,6
47059,Greene County,TN,44
47061,Grundy County,TN,30
47063,Hamblen County,TN,21
47065,Hamilton County,TN,232
47067,Hancock County,TN,0
47069,Hardeman County,TN,116
47071,Hardin County,TN,7
47073,Hawkins County,TN,31
47075,Haywood County,TN,26
47077,Henderson County,TN,10
47079,Henry County,TN,15
47081,Hickman County,TN,49
47083,Houston County,TN,6
47085,Humphreys County,TN,11
47087,Jackson County,TN,8
47089,Jefferson County,TN,26
47091,Johnson County,TN,5
47093,Knox County,TN,262
47095,Lake County,TN,59
47097,Lauderdale County,TN,26
47099,Lawrence County,TN,20
47101,Lewis County,TN,2
47103,Lincoln County,TN,16
47105,Loudon County,TN,39
47107,McMinn County,TN,116
47109,McNairy County,TN,11
47111,Macon County,TN,58
47113,Madison County,TN,150
47115,Marion County,TN,29
47117,Marshall County,TN,24
47119,Maury County,TN,55
47121,Meigs County,TN,22
47123,Monroe County,TN,28
47125,Montgomery County,TN,172
47127,Moore County,TN,3
47129,Morgan County,TN,10
47131,Obion County,TN,16
47133,Overton County,TN,11
47135,Perry County,TN,13
47137,Pickett County,TN,0
47139,Polk County,TN,12
47141,Putnam County,TN,166
47143,Rhea County,TN,6
47145,Roane County,TN,8
47147,Robertson County,TN,218
47149,Rutherford County,TN,720
47151,Scott County,TN,11
47153,Sequatchie County,TN,6
47155,Sevier County,TN,65
47157,Shelby County,TN,3189
47159,Smith County,TN,24
47161,Stewart County,TN,7
47163,Sullivan County,TN,54
47165,Sumner County,TN,693
47167,Tipton County,TN,158
47169,Trousdale County,TN,1357
47171,Unicoi County,TN,2
47173,Union County,TN,3
47175,Van Buren County,TN,2
47177,Warren County,TN,12
47179,Washington County,TN,61
47181,Wayne County,TN,3
47183,Weakley County,TN,24
47185,White County,TN,16
47187,Williamson County,TN,441
47189,Wilson County,TN,297
48001,Anderson County,TX,41
48003,Andrews County,TX,21
48005,Angelina County,TX,100
48007,Aransas County,TX,2
48009,Archer County,TX,0
48011,Armstrong County,TX,2
48013,Atascosa County,TX,22
48015,Austin County,TX,15
48017,Bailey County,TX,2
48019,Bandera County,TX,6
48021,Bastrop County,TX,108
48023,Baylor County,TX,0
48025,Bee County,TX,6
48027,Bell County,TX,220
48029,Bexar County,TX,1835
48031,Blanco County,TX,6
48033,Borden County,TX,0
48035,Bosque County,TX,5
48037,Bowie County,TX,76
48039,Brazoria County,TX,644
48041,Brazos County,TX,256
48043,Brewster County,TX,1
48045,Briscoe County,TX,1
48047,Brooks County,TX,1
48049,Brown County,TX,38
48051,Burleson County,TX,15
48053,Burnet County,TX,26
48055,Caldwell County,TX,26
48057,Calhoun County,TX,36
48059,Callahan County,TX,6
48061,Cameron County,TX,494
48063,Camp County,TX,7
48065,Carson County,TX,3
48067,Cass County,TX,17
48069,Castro County,TX,22
48071,Chambers County,TX,48
48073,Cherokee County,TX,18
48075,Childress County,TX,1
48077,Clay County,TX,3
48079,Cochran County,TX,1
48081,Coke County,TX,1
48083,Coleman County,TX,2
48085,Collin County,TX,887
48087,Collingsworth County,TX,1
48089,Colorado County,TX,16
48091,Comal County,TX,65
48093,Comanche County,TX,3
48095,Concho County,TX,1
48097,Cooke County,TX,12
48099,Coryell County,TX,207
48101,Cottle County,TX,4
48103,Crane County,TX,2
48105,Crockett County,TX,0
48107,Crosby County,TX,2
48109,Culberson County,TX,0
48111,Dallam County,TX,13
48113,Dallas County,TX,5369
48115,Dawson County,TX,30
48117,Deaf Smith County,TX,46
48119,Delta County,TX,1
48121,Denton County,TX,902
48123,DeWitt County,TX,15
48125,Dickens County,TX,1
48127,Dimmit County,TX,1
48129,Donley County,TX,25
48131,Duval County,TX,5
48133,Eastland County,TX,3
48135,Ector County,TX,95
48137,Edwards County,TX,0
48139,Ellis County,TX,202
48141,El Paso County,TX,1276
48143,Erath County,TX,14
48145,Falls County,TX,6
48147,Fannin County,TX,23
48149,Fayette County,TX,24
48151,Fisher County,TX,0
48153,Floyd County,TX,4
48155,Foard County,TX,0
48157,Fort Bend County,TX,1357
48159,Franklin County,TX,3
48161,Freestone County,TX,7
48163,Frio County,TX,34
48165,Gaines County,TX,3
48167,Galveston County,TX,676
48169,Garza County,TX,3
48171,Gillespie County,TX,4
48173,Glasscock County,TX,1
48175,Goliad County,TX,7
48177,Gonzales County,TX,40
48179,Gray County,TX,73
48181,Grayson County,TX,83
48183,Gregg County,TX,117
48185,Grimes County,TX,42
48187,Guadalupe County,TX,92
48189,Hale County,TX,37
48191,Hall County,TX,0
48193,Hamilton County,TX,6
48195,Hansford County,TX,12
48197,Hardeman County,TX,0
48199,Hardin County,TX,113
48201,Harris County,TX,7594
48203,Harrison County,TX,180
48205,Hartley County,TX,8
48207,Haskell County,TX,0
48209,Hays County,TX,203
48211,Hemphill County,TX,1
48213,Henderson County,TX,36
48215,Hidalgo County,TX,377
48217,Hill County,TX,19
48219,Hockley County,TX,20
48221,Hood County,TX,19
48223,Hopkins County,TX,7
48225,Houston County,TX,10
48227,Howard County,TX,6
48229,Hudspeth County,TX,0
48231,Hunt County,TX,57
48233,Hutchinson County,TX,20
48235,Irion County,TX,0
48237,Jack County,TX,4
48239,Jackson County,TX,14
48241,Jasper County,TX,19
48243,Jeff Davis County,TX,0
48245,Jefferson County,TX,360
48247,Jim Hogg County,TX,3
48249,Jim Wells County,TX,6
48251,Johnson County,TX,100
48253,Jones County,TX,92
48255,Karnes County,TX,3
48257,Kaufman County,TX,116
48259,Kendall County,TX,19
48261,Kenedy County,TX,0
48263,Kent County,TX,0
48265,Kerr County,TX,9
48267,Kimble County,TX,1
48269,King County,TX,0
48271,Kinney County,TX,0
48273,Kleberg County,TX,10
48275,Knox County,TX,1
48277,Lamar County,TX,77
48279,Lamb County,TX,5
48281,Lampasas County,TX,8
48283,La Salle County,TX,2
48285,Lavaca County,TX,6
48287,Lee County,TX,5
48289,Leon County,TX,9
48291,Liberty County,TX,62
48293,Limestone County,TX,14
48295,Lipscomb County,TX,2
48297,Live Oak County,TX,5
48299,Llano County,TX,3
48301,Loving County,TX,0
48303,Lubbock County,TX,583
48305,Lynn County,TX,5
48307,McCulloch County,TX,3
48309,McLennan County,TX,94
48311,McMullen County,TX,0
48313,Madison County,TX,2
48315,Marion County,TX,15
48317,Martin County,TX,3
48319,Mason County,TX,28
48321,Matagorda County,TX,62
48323,Maverick County,TX,26
48325,Medina County,TX,22
48327,Menard County,TX,0
48329,Midland County,TX,101
48331,Milam County,TX,20
48333,Mills County,TX,0
48335,Mitchell County,TX,1
48337,Montague County,TX,9
48339,Montgomery County,TX,699
48341,Moore County,TX,494
48343,Morris County,TX,9
48345,Motley County,TX,1
48347,Nacogdoches County,TX,202
48349,Navarro County,TX,36
48351,Newton County,TX,4
48353,Nolan County,TX,2
48355,Nueces County,TX,128
48357,Ochiltree County,TX,29
48359,Oldham County,TX,3
48361,Orange County,TX,84
48363,Palo Pinto County,TX,9
48365,Panola County,TX,138
48367,Parker County,TX,45
48369,Parmer County,TX,19
48371,Pecos County,TX,15
48373,Polk County,TX,35
48375,Potter County,TX,1101
48377,Presidio County,TX,0
48379,Rains County,TX,2
48381,Randall County,TX,355
48383,Reagan County,TX,0
48385,Real County,TX,0
48387,Red River County,TX,3
48389,Reeves County,TX,1
48391,Refugio County,TX,1
48393,Roberts County,TX,2
48395,Robertson County,TX,5
48397,Rockwall County,TX,100
48399,Runnels County,TX,2
48401,Rusk County,TX,40
48403,Sabine County,TX,2
48405,San Augustine County,TX,21
48407,San Jacinto County,TX,10
48409,San Patricio County,TX,18
48411,San Saba County,TX,0
48413,Schleicher County,TX,0
48415,Scurry County,TX,2
48417,Shackelford County,TX,1
48419,Shelby County,TX,149
48421,Sherman County,TX,20
48423,Smith County,TX,170
48425,Somervell County,TX,0
48427,Starr County,TX,14
48429,Stephens County,TX,1
48431,Sterling County,TX,0
48433,Stonewall County,TX,0
48435,Sutton County,TX,0
48437,Swisher County,TX,11
48439,Tarrant County,TX,3127
48441,Taylor County,TX,208
48443,Terrell County,TX,0
48445,Terry County,TX,12
48447,Throckmorton County,TX,0
48449,Titus County,TX,29
48451,Tom Green County,TX,59
48453,Travis County,TX,2071
48455,Trinity County,TX,11
48457,Tyler County,TX,7
48459,Upshur County,TX,17
48461,Upton County,TX,0
48463,Uvalde County,TX,6
48465,Val Verde County,TX,13
48467,Van Zandt County,TX,18
48469,Victoria County,TX,148
48471,Walker County,TX,337
48473,Waller County,TX,37
48475,Ward County,TX,0
48477,Washington County,TX,164
48479,Webb County,TX,424
48481,Wharton County,TX,41
48483,Wheeler County,TX,13
48485,Wichita County,TX,74
48487,Wilbarger County,TX,2
48489,Willacy County,TX,14
48491,Williamson County,TX,361
48493,Wilson County,TX,34
48495,Winkler County,TX,3
48497,Wise County,TX,30
48499,Wood County,TX,13
48501,Yoakum County,TX,2
48503,Young County,TX,4
48505,Zapata County,TX,7
48507,Zavala County,TX,2
49001,Beaver County,UT,0
49003,Box Elder County,UT,20
49005,Cache County,UT,51
49007,Carbon County,UT,7
49009,Daggett County,UT,0
49011,Davis County,UT,327
49013,Duchesne County,UT,8
49015,Emery County,UT,5
49017,Garfield County,UT,3
49019,Grand County,UT,4
49021,Iron County,UT,29
49023,Juab County,UT,8
49025,Kane County,UT,3
49027,Millard County,UT,5
49029,Morgan County,UT,10
49031,Piute County,UT,1
49033,Rich County,UT,0
49035,Salt Lake County,UT,3206
49037,San Juan County,UT,145
49039,Sanpete County,UT,6
49041,Sevier County,UT,8
49043,Summit County,UT,385
49045,Tooele County,UT,76
49047,Uintah County,UT,7
49049,Utah County,UT,1318
49051,Wasatch County,UT,176
49053,Washington County,UT,120
49055,Wayne County,UT,0
49057,Weber County,UT,179
50001,Addison County,VT,62
50003,Bennington County,VT,56
50005,Caledonia County,VT,14
50007,Chittenden County,VT,431
50009,Essex County,VT,2
50011,Franklin County,VT,99
50013,Grand Isle County,VT,4
50015,Lamoille County,VT,26
50017,Orange County,VT,8
50019,Orleans County,VT,9
50021,Rutland County,VT,49
50023,Washington County,VT,37
50025,Windham County,VT,74
50027,Windsor County,VT,45
51001,Accomack County,VA,496
51003,Albemarle County,VA,119
51005,Alleghany County,VA,6
51007,Amelia County,VA,17
51009,Amherst County,VA,15
51011,Appomattox County,VA,22
51013,Arlington County,VA,1332
51015,Augusta County,VA,64
51017,Bath County,VA,0
51019,Bedford County,VA,38
51021,Bland County,VA,0
51023,Botetourt County,VA,30
51025,Brunswick County,VA,17
51027,Buchanan County,VA,16
51029,Buckingham County,VA,246
51031,Campbell County,VA,13
51033,Caroline County,VA,38
51035,Carroll County,VA,28
51036,Charles City County,VA,21
51037,Charlotte County,VA,11
51041,Chesterfield County,VA,765
51043,Clarke County,VA,16
51045,Craig County,VA,4
51047,Culpeper County,VA,253
51049,Cumberland County,VA,13
51051,Dickenson County,VA,0
51053,Dinwiddie County,VA,25
51057,Essex County,VA,22
51059,Fairfax County,VA,5610
51061,Fauquier County,VA,168
51063,Floyd County,VA,3
51065,Fluvanna County,VA,79
51067,Franklin County,VA,26
51069,Frederick County,VA,162
51071,Giles County,VA,5
51073,Gloucester County,VA,27
51075,Goochland County,VA,81
51077,Grayson County,VA,5
51079,Greene County,VA,14
51081,Greensville County,VA,44
51083,Halifax County,VA,22
51085,Hanover County,VA,163
51087,Henrico County,VA,1054
51089,Henry County,VA,22
51091,Highland County,VA,2
51093,Isle of Wight County,VA,108
51095,James City County,VA,170
51097,King and Queen County,VA,5
51099,King George County,VA,38
51101,King William County,VA,11
51103,Lancaster County,VA,6
51105,Lee County,VA,9
51107,Loudoun County,VA,1127
51109,Louisa County,VA,55
51111,Lunenburg County,VA,6
51113,Madison County,VA,20
51115,Matthews County,VA,5
51117,Mecklenburg County,VA,118
51119,Middlesex County,VA,10
51121,Montgomery County,VA,64
51125,Nelson County,VA,10
51127,New Kent County,VA,26
51131,Northampton County,VA,159
51133,Northumberland County,VA,9
51135,Nottoway County,VA,14
51137,Orange County,VA,44
51139,Page County,VA,128
51141,Patrick County,VA,4
51143,Pittsylvania County,VA,17
51145,Powhatan County,VA,18
51147,Prince Edward County,VA,66
51149,Prince George County,VA,42
51153,Prince William County,VA,2548
51155,Pulaski County,VA,10
51157,Rappahannock County,VA,7
51159,Richmond County,VA,188
51161,Roanoke County,VA,62
51163,Rockbridge County,VA,9
51165,Rockingham County,VA,339
51167,Russell County,VA,6
51169,Scott County,VA,7
51171,Shenandoah County,VA,242
51173,Smyth County,VA,13
51175,Southampton County,VA,131
51177,Spotsylvania County,VA,239
51179,Stafford County,VA,354
51181,Surry County,VA,5
51183,Sussex County,VA,32
51185,Tazewell County,VA,6
51187,Warren County,VA,82
51191,Washington County,VA,42
51193,Westmoreland County,VA,37
51195,Wise County,VA,22
51197,Wythe County,VA,13
51199,York County,VA,55
51510,Alexandria City,VA,1142
51520,Bristol city,VA,2
51530,Buena Vista city,VA,8
51540,Charlottesville City,VA,66
51550,Chesapeake City,VA,325
51570,Colonial Heights city,VA,65
51580,Covington city,VA,1
51590,Danville City,VA,39
51595,Emporia city,VA,47
51600,Fairfax city,VA,39
51610,Falls Church city,VA,37
51620,Franklin city,VA,25
51630,Fredericksburg City,VA,58
51640,Galax city,VA,34
51650,Hampton city,VA,138
51660,Harrisonburg City,VA,578
51670,Hopewell city,VA,33
51678,Lexington city,VA,5
51680,Lynchburg city,VA,68
51683,Manassas City,VA,358
51685,Manassas Park city,VA,116
51690,Martinsville city,VA,2
51700,Newport News City,VA,152
51710,Norfolk City,VA,290
51720,Norton city,VA,2
51730,Petersburg city,VA,42
51735,Poquoson city,VA,7
51740,Portsmouth City,VA,202
51750,Radford city,VA,3
51760,Richmond City,VA,512
51770,Roanoke city,VA,93
51775,Salem city,VA,31
51790,Staunton city,VA,15
51800,Suffolk City,VA,215
51810,Virginia Beach City,VA,478
51820,Waynesboro city,VA,21
51830,Williamsburg City,VA,31
51840,Winchester city,VA,64
53001,Adams County,WA,49
53003,Asotin County,WA,18
53005,Benton County,WA,575
53007,Chelan County,WA,143
53009,Clallam County,WA,19
53011,Clark County,WA,346
53013,Columbia County,WA,1
53015,Cowlitz County,WA,65
53017,Douglas County,WA,107
53019,Ferry County,WA,1
53021,Franklin County,WA,408
53023,Garfield County,WA,0
53025,Grant County,WA,181
53027,Grays Harbor County,WA,13
53029,Island County,WA,173
53031,Jefferson County,WA,29
53033,King County,WA,6947
53035,Kitsap County,WA,155
53037,Kittitas County,WA,17
53039,Klickitat County,WA,19
53041,Lewis County,WA,30
53043,Lincoln County,WA,2
53045,Mason County,WA,28
53047,Okanogan County,WA,22
53049,Pacific County,WA,9
53051,Pend Oreille County,WA,2
53053,Pierce County,WA,1539
53055,San Juan County,WA,15
53057,Skagit County,WA,397
53059,Skamania County,WA,3
53061,Snohomish County,WA,2664
53063,Spokane County,WA,381
53065,Stevens County,WA,9
53067,Thurston County,WA,117
53069,Wahkiakum County,WA,3
53071,Walla Walla County,WA,99
53073,Whatcom County,WA,330
53075,Whitman County,WA,15
53077,Yakima County,WA,1686
54001,Barbour County,WV,7
54003,Berkeley County,WV,187
54005,Boone County,WV,8
54007,Braxton County,WV,2
54009,Brooke County,WV,3
54011,Cabell County,WV,52
54013,Calhoun County,WV,0
54015,Clay County,WV,2
54017,Doddridge County,WV,0
54019,Fayette County,WV,34
54021,Gilmer County,WV,8
54023,Grant County,WV,3
54025,Greenbrier County,WV,8
54027,Hampshire County,WV,8
54029,Hancock County,WV,12
54031,Hardy County,WV,16
54033,Harrison County,WV,33
54035,Jackson County,WV,135
54037,Jefferson County,WV,88
54039,Kanawha County,WV,182
54041,Lewis County,WV,4
54043,Lincoln County,WV,5
54045,Logan County,WV,13
54047,McDowell County,WV,6
54049,Marion County,WV,46
54051,Marshall County,WV,20
54053,Mason County,WV,13
54055,Mercer County,WV,11
54057,Mineral County,WV,20
54059,Mingo County,WV,2
54061,Monongalia County,WV,112
54063,Monroe County,WV,6
54065,Morgan County,WV,16
54067,Nicholas County,WV,8
54069,Ohio County,WV,36
54071,Pendleton County,WV,5
54073,Pleasants County,WV,2
54075,Pocahontas County,WV,2
54077,Preston County,WV,14
54079,Putnam County,WV,27
54081,Raleigh County,WV,9
54083,Randolph County,WV,5
54085,Ritchie County,WV,1
54087,Roane County,WV,8
54089,Summers County,WV,1
54091,Taylor County,WV,8
54093,Tucker County,WV,4
54095,Tyler County,WV,3
54097,Upshur County,WV,5
54099,Wayne County,WV,93
54101,Webster County,WV,0
54103,Wetzel County,WV,6
54105,Wirt County,WV,3
54107,Wood County,WV,43
54109,Wyoming County,WV,1
55001,Adams County,WI,4
55003,Ashland County,WI,2
55005,Barron County,WI,10
55007,Bayfield County,WI,3
55009,Brown County,WI,1834
55011,Buffalo County,WI,5
55013,Burnett County,WI,0
55015,Calumet County,WI,35
55017,Chippewa County,WI,29
55019,Clark County,WI,24
55021,Columbia County,WI,32
55023,Crawford County,WI,17
55025,Dane County,WI,465
55027,Dodge County,WI,55
55029,Door County,WI,20
55031,Douglas County,WI,11
55033,Dunn County,WI,14
55035,Eau Claire County,WI,54
55037,Florence County,WI,2
55039,Fond du Lac County,WI,86
55041,Forest County,WI,1
55043,Grant County,WI,67
55045,Green County,WI,33
55047,Green Lake County,WI,7
55049,Iowa County,WI,10
55051,Iron County,WI,2
55053,Jackson County,WI,12
55055,Jefferson County,WI,50
55057,Juneau County,WI,21
55059,Kenosha County,WI,651
55061,Kewaunee County,WI,28
55063,La Crosse County,WI,32
55065,Lafayette County,WI,13
55067,Langlade County,WI,0
55069,Lincoln County,WI,1
55071,Manitowoc County,WI,19
55073,Marathon County,WI,24
55075,Marinette County,WI,16
55077,Marquette County,WI,3
55078,Menominee County,WI,2
55079,Milwaukee County,WI,3854
55081,Monroe County,WI,14
55083,Oconto County,WI,27
55085,Oneida County,WI,7
55087,Outagamie County,WI,111
55089,Ozaukee County,WI,104
55091,Pepin County,WI,0
55093,Pierce County,WI,12
55095,Polk County,WI,5
55097,Portage County,WI,7
55099,Price County,WI,1
55101,Racine County,WI,680
55103,Richland County,WI,13
55105,Rock County,WI,347
55107,Rusk County,WI,4
55109,St. Croix County,WI,27
55111,Sauk County,WI,71
55113,Sawyer County,WI,4
55115,Shawano County,WI,20
55117,Sheboygan County,WI,65
55119,Taylor County,WI,0
55121,Trempealeau County,WI,5
55123,Vernon County,WI,3
55125,Vilas County,WI,4
55127,Walworth County,WI,229
55129,Washburn County,WI,1
55131,Washington County,WI,116
55133,Waukesha County,WI,396
55135,Waupaca County,WI,13
55137,Waushara County,WI,4
55139,Winnebago County,WI,98
55141,Wood County,WI,2
56001,Albany County,WY,8
56003,Big Horn County,WY,2
56005,Campbell County,WY,16
56007,Carbon County,WY,5
56009,Converse County,WY,14
56011,Crook County,WY,5
56013,Fremont County,WY,169
56015,Goshen County,WY,4
56017,Hot Springs County,WY,1
56019,Johnson County,WY,11
56021,Laramie County,WY,109
56023,Lincoln County,WY,7
56025,Natrona County,WY,38
56027,Niobrara County,WY,1
56029,Park County,WY,1
56031,Platte County,WY,0
56033,Sheridan County,WY,12
56035,Sublette County,WY,1
56037,Sweetwater County,WY,12
56039,Teton County,WY,67
56041,Uinta County,WY,7
56043,Washakie County,WY,5
56045,Weston County,WY,0
